<?xml version='1.0' encoding='UTF-8' standalone='no'?>
<doxygen xmlns:xsi="http://www.w3.org/2001/XMLSchema-instance" xsi:noNamespaceSchemaLocation="compound.xsd" version="1.8.17">
  <compounddef id="clion-log_8txt" kind="file" language="C++">
    <compoundname>clion-log.txt</compoundname>
    <briefdescription>
    </briefdescription>
    <detaileddescription>
    </detaileddescription>
    <programlisting>
<codeline lineno="1"><highlight class="normal">/home/andreubita/.local/share/JetBrains/Toolbox/apps/CLion/ch-0/201.7223.86/bin/cmake/linux/bin/cmake<sp/>-DCMAKE_BUILD_TYPE=Debug<sp/>-G<sp/></highlight><highlight class="stringliteral">&quot;CodeBlocks<sp/>-<sp/>Unix<sp/>Makefiles&quot;</highlight><highlight class="normal"><sp/>/home/andreubita/workspace/li2pl6g08/projeto</highlight></codeline>
<codeline lineno="2"><highlight class="normal">--<sp/>The<sp/>C<sp/>compiler<sp/>identification<sp/>is<sp/>GNU<sp/>9.3.0</highlight></codeline>
<codeline lineno="3"><highlight class="normal">--<sp/>Check<sp/></highlight><highlight class="keywordflow">for</highlight><highlight class="normal"><sp/>working<sp/>C<sp/>compiler:<sp/>/usr/bin/cc</highlight></codeline>
<codeline lineno="4"><highlight class="normal">--<sp/>Check<sp/></highlight><highlight class="keywordflow">for</highlight><highlight class="normal"><sp/>working<sp/>C<sp/>compiler:<sp/>/usr/bin/cc<sp/>--<sp/>works</highlight></codeline>
<codeline lineno="5"><highlight class="normal">--<sp/>Detecting<sp/>C<sp/>compiler<sp/>ABI<sp/>info</highlight></codeline>
<codeline lineno="6"><highlight class="normal">--<sp/>Detecting<sp/>C<sp/>compiler<sp/>ABI<sp/>info<sp/>-<sp/>done</highlight></codeline>
<codeline lineno="7"><highlight class="normal">--<sp/>Detecting<sp/>C<sp/>compile<sp/>features</highlight></codeline>
<codeline lineno="8"><highlight class="normal">--<sp/>Detecting<sp/>C<sp/>compile<sp/>features<sp/>-<sp/>done</highlight></codeline>
<codeline lineno="9"><highlight class="normal">--<sp/>Configuring<sp/>done</highlight></codeline>
<codeline lineno="10"><highlight class="normal">--<sp/>Generating<sp/>done</highlight></codeline>
<codeline lineno="11"><highlight class="normal">--<sp/>Build<sp/>files<sp/>have<sp/>been<sp/>written<sp/>to:<sp/>/home/andreubita/workspace/li2pl6g08/projeto/cmake-build-debug</highlight></codeline>
    </programlisting>
    <location file="cmake-build-debug/CMakeFiles/clion-log.txt"/>
  </compounddef>
</doxygen>
