<?xml version='1.0' encoding='UTF-8' standalone='no'?>
<doxygen xmlns:xsi="http://www.w3.org/2001/XMLSchema-instance" xsi:noNamespaceSchemaLocation="compound.xsd" version="1.8.17">
  <compounddef id="data_8c" kind="file" language="C++">
    <compoundname>data.c</compoundname>
    <includes refid="data_8h" local="yes">data.h</includes>
    <incdepgraph>
      <node id="1">
        <label>data.c</label>
        <link refid="data_8c"/>
        <childnode refid="2" relation="include">
        </childnode>
      </node>
      <node id="2">
        <label>data.h</label>
        <link refid="data_8h"/>
      </node>
    </incdepgraph>
      <sectiondef kind="func">
      <memberdef kind="function" id="data_8c_1a2daaed57ace3c257d7f948293783e9eb" prot="public" static="no" const="no" explicit="no" inline="no" virt="non-virtual">
        <type>int</type>
        <definition>int obter_linha_coord</definition>
        <argsstring>(COORDENADA coord)</argsstring>
        <name>obter_linha_coord</name>
        <param>
          <type><ref refid="structCOORDENADA" kindref="compound">COORDENADA</ref></type>
          <declname>coord</declname>
        </param>
        <briefdescription>
<para>Funçao para obter a linha de uma coordenada. </para>
        </briefdescription>
        <detaileddescription>
<para><parameterlist kind="param"><parameteritem>
<parameternamelist>
<parametername>coord</parametername>
</parameternamelist>
<parameterdescription>
<para>coordenada pretendida </para>
</parameterdescription>
</parameteritem>
</parameterlist>
<simplesect kind="return"><para>Retorna a linha correspondente à coordenada </para>
</simplesect>
</para>
        </detaileddescription>
        <inbodydescription>
        </inbodydescription>
        <location file="data.c" line="3" column="5" bodyfile="data.c" bodystart="3" bodyend="5"/>
      </memberdef>
      <memberdef kind="function" id="data_8c_1a3ed4d21a46780eeda0ed8f424bee08a1" prot="public" static="no" const="no" explicit="no" inline="no" virt="non-virtual">
        <type>int</type>
        <definition>int obter_coluna_coord</definition>
        <argsstring>(COORDENADA coord)</argsstring>
        <name>obter_coluna_coord</name>
        <param>
          <type><ref refid="structCOORDENADA" kindref="compound">COORDENADA</ref></type>
          <declname>coord</declname>
        </param>
        <briefdescription>
<para>Funçao para obter a coluna de uma coordenada. </para>
        </briefdescription>
        <detaileddescription>
<para><parameterlist kind="param"><parameteritem>
<parameternamelist>
<parametername>coord</parametername>
</parameternamelist>
<parameterdescription>
<para>coordenada pretendida </para>
</parameterdescription>
</parameteritem>
</parameterlist>
<simplesect kind="return"><para>Retorna a coluna correspondente à coordenada </para>
</simplesect>
</para>
        </detaileddescription>
        <inbodydescription>
        </inbodydescription>
        <location file="data.c" line="7" column="5" bodyfile="data.c" bodystart="7" bodyend="9"/>
      </memberdef>
      <memberdef kind="function" id="data_8c_1adff04e626f2030df84816a16df461e21" prot="public" static="no" const="no" explicit="no" inline="no" virt="non-virtual">
        <type><ref refid="structCOORDENADA" kindref="compound">COORDENADA</ref></type>
        <definition>COORDENADA obter_jogada_jogador</definition>
        <argsstring>(ESTADO *estado, int jogada, int jogador)</argsstring>
        <name>obter_jogada_jogador</name>
        <param>
          <type><ref refid="structESTADO" kindref="compound">ESTADO</ref> *</type>
          <declname>estado</declname>
        </param>
        <param>
          <type>int</type>
          <declname>jogada</declname>
        </param>
        <param>
          <type>int</type>
          <declname>jogador</declname>
        </param>
        <briefdescription>
<para>Funçao para obter a jogada efetuada por um jogador. </para>
        </briefdescription>
        <detaileddescription>
<para><parameterlist kind="param"><parameteritem>
<parameternamelist>
<parametername>estado</parametername>
</parameternamelist>
<parameterdescription>
<para>apontador para o estado </para>
</parameterdescription>
</parameteritem>
<parameteritem>
<parameternamelist>
<parametername>jogada</parametername>
</parameternamelist>
<parameterdescription>
<para>numero da jogada </para>
</parameterdescription>
</parameteritem>
<parameteritem>
<parameternamelist>
<parametername>jogador</parametername>
</parameternamelist>
<parameterdescription>
<para>jogador pretendido </para>
</parameterdescription>
</parameteritem>
</parameterlist>
<simplesect kind="return"><para>Retorna a jogada efetuada pelo jogador </para>
</simplesect>
</para>
        </detaileddescription>
        <inbodydescription>
        </inbodydescription>
        <location file="data.c" line="11" column="12" bodyfile="data.c" bodystart="11" bodyend="17"/>
      </memberdef>
      </sectiondef>
    <briefdescription>
    </briefdescription>
    <detaileddescription>
    </detaileddescription>
    <programlisting>
<codeline lineno="1"><highlight class="preprocessor">#include<sp/>&quot;<ref refid="data_8h" kindref="compound">data.h</ref>&quot;</highlight><highlight class="normal"></highlight></codeline>
<codeline lineno="2"><highlight class="normal"></highlight></codeline>
<codeline lineno="3" refid="data_8h_1a2daaed57ace3c257d7f948293783e9eb" refkind="member"><highlight class="normal"></highlight><highlight class="keywordtype">int</highlight><highlight class="normal"><sp/><ref refid="data_8h_1a2daaed57ace3c257d7f948293783e9eb" kindref="member">obter_linha_coord</ref>(<ref refid="structCOORDENADA" kindref="compound">COORDENADA</ref><sp/>coord){</highlight></codeline>
<codeline lineno="4"><highlight class="normal"><sp/><sp/><sp/><sp/></highlight><highlight class="keywordflow">return</highlight><highlight class="normal"><sp/>coord.linha;</highlight></codeline>
<codeline lineno="5"><highlight class="normal">}</highlight></codeline>
<codeline lineno="6"><highlight class="normal"></highlight></codeline>
<codeline lineno="7" refid="data_8h_1a3ed4d21a46780eeda0ed8f424bee08a1" refkind="member"><highlight class="normal"></highlight><highlight class="keywordtype">int</highlight><highlight class="normal"><sp/><ref refid="data_8h_1a3ed4d21a46780eeda0ed8f424bee08a1" kindref="member">obter_coluna_coord</ref>(<ref refid="structCOORDENADA" kindref="compound">COORDENADA</ref><sp/>coord){</highlight></codeline>
<codeline lineno="8"><highlight class="normal"><sp/><sp/><sp/><sp/></highlight><highlight class="keywordflow">return</highlight><highlight class="normal"><sp/>coord.coluna;</highlight></codeline>
<codeline lineno="9"><highlight class="normal">}</highlight></codeline>
<codeline lineno="10"><highlight class="normal"></highlight></codeline>
<codeline lineno="11" refid="data_8h_1adff04e626f2030df84816a16df461e21" refkind="member"><highlight class="normal"><ref refid="structCOORDENADA" kindref="compound">COORDENADA</ref><sp/><ref refid="data_8h_1adff04e626f2030df84816a16df461e21" kindref="member">obter_jogada_jogador</ref>(<ref refid="structESTADO" kindref="compound">ESTADO</ref><sp/>*estado,</highlight><highlight class="keywordtype">int</highlight><highlight class="normal"><sp/>jogada,<sp/></highlight><highlight class="keywordtype">int</highlight><highlight class="normal"><sp/>jogador){</highlight></codeline>
<codeline lineno="12"><highlight class="normal"><sp/><sp/><sp/><sp/></highlight><highlight class="keywordflow">if</highlight><highlight class="normal">(jogador<sp/>==<sp/>2){</highlight></codeline>
<codeline lineno="13"><highlight class="normal"><sp/><sp/><sp/><sp/><sp/><sp/><sp/><sp/></highlight><highlight class="keywordflow">return</highlight><highlight class="normal"><sp/>estado-&gt;<ref refid="structESTADO_1afae43b87a488fad0f2b56a18bad31d18" kindref="member">jogadas</ref>[jogada].jogador2;</highlight></codeline>
<codeline lineno="14"><highlight class="normal"><sp/><sp/><sp/><sp/>}</highlight><highlight class="keywordflow">else</highlight><highlight class="normal">{</highlight></codeline>
<codeline lineno="15"><highlight class="normal"><sp/><sp/><sp/><sp/><sp/><sp/><sp/><sp/></highlight><highlight class="keywordflow">return</highlight><highlight class="normal"><sp/>estado-&gt;<ref refid="structESTADO_1afae43b87a488fad0f2b56a18bad31d18" kindref="member">jogadas</ref>[jogada].jogador1;</highlight></codeline>
<codeline lineno="16"><highlight class="normal"><sp/><sp/><sp/><sp/>}</highlight></codeline>
<codeline lineno="17"><highlight class="normal">}</highlight></codeline>
    </programlisting>
    <location file="data.c"/>
  </compounddef>
</doxygen>
