<?xml version='1.0' encoding='UTF-8' standalone='no'?>
<doxygen xmlns:xsi="http://www.w3.org/2001/XMLSchema-instance" xsi:noNamespaceSchemaLocation="compound.xsd" version="1.8.17">
  <compounddef id="data_8h" kind="file" language="C++">
    <compoundname>data.h</compoundname>
    <includedby refid="data_8c" local="yes">data.c</includedby>
    <includedby refid="estado_8h" local="yes">estado.h</includedby>
    <includedby refid="file_8h" local="yes">file.h</includedby>
    <includedby refid="movs_8h" local="yes">movs.h</includedby>
    <includedby refid="pos_8h" local="yes">pos.h</includedby>
    <includedby refid="tabuleiro_8h" local="yes">tabuleiro.h</includedby>
    <includedby refid="lista_8h" local="yes">lista.h</includedby>
    <includedby refid="main_8c" local="yes">main.c</includedby>
    <invincdepgraph>
      <node id="4">
        <label>estado.c</label>
        <link refid="estado_8c_source"/>
      </node>
      <node id="3">
        <label>estado.h</label>
        <link refid="estado_8h"/>
        <childnode refid="4" relation="include">
        </childnode>
        <childnode refid="5" relation="include">
        </childnode>
        <childnode refid="8" relation="include">
        </childnode>
        <childnode refid="14" relation="include">
        </childnode>
        <childnode refid="13" relation="include">
        </childnode>
      </node>
      <node id="17">
        <label>movs.c</label>
        <link refid="movs_8c_source"/>
      </node>
      <node id="16">
        <label>movs.h</label>
        <link refid="movs_8h_source"/>
        <childnode refid="7" relation="include">
        </childnode>
        <childnode refid="17" relation="include">
        </childnode>
      </node>
      <node id="6">
        <label>file.c</label>
        <link refid="file_8c_source"/>
      </node>
      <node id="5">
        <label>file.h</label>
        <link refid="file_8h"/>
        <childnode refid="6" relation="include">
        </childnode>
        <childnode refid="7" relation="include">
        </childnode>
      </node>
      <node id="2">
        <label>data.c</label>
        <link refid="data_8c_source"/>
      </node>
      <node id="1">
        <label>data.h</label>
        <link refid="data_8h"/>
        <childnode refid="2" relation="include">
        </childnode>
        <childnode refid="3" relation="include">
        </childnode>
        <childnode refid="5" relation="include">
        </childnode>
        <childnode refid="16" relation="include">
        </childnode>
        <childnode refid="14" relation="include">
        </childnode>
        <childnode refid="18" relation="include">
        </childnode>
        <childnode refid="10" relation="include">
        </childnode>
        <childnode refid="13" relation="include">
        </childnode>
      </node>
      <node id="19">
        <label>tabuleiro.c</label>
        <link refid="tabuleiro_8c_source"/>
      </node>
      <node id="18">
        <label>tabuleiro.h</label>
        <link refid="tabuleiro_8h"/>
        <childnode refid="14" relation="include">
        </childnode>
        <childnode refid="8" relation="include">
        </childnode>
        <childnode refid="13" relation="include">
        </childnode>
        <childnode refid="19" relation="include">
        </childnode>
      </node>
      <node id="15">
        <label>pos.c</label>
        <link refid="pos_8c_source"/>
      </node>
      <node id="14">
        <label>pos.h</label>
        <link refid="pos_8h_source"/>
        <childnode refid="7" relation="include">
        </childnode>
        <childnode refid="15" relation="include">
        </childnode>
      </node>
      <node id="13">
        <label>main.c</label>
        <link refid="main_8c_source"/>
      </node>
      <node id="11">
        <label>lista.c</label>
        <link refid="lista_8c_source"/>
      </node>
      <node id="9">
        <label>jogada.c</label>
        <link refid="jogada_8c_source"/>
      </node>
      <node id="10">
        <label>lista.h</label>
        <link refid="lista_8h_source"/>
        <childnode refid="7" relation="include">
        </childnode>
        <childnode refid="11" relation="include">
        </childnode>
      </node>
      <node id="8">
        <label>jogada.h</label>
        <link refid="jogada_8h"/>
        <childnode refid="5" relation="include">
        </childnode>
        <childnode refid="7" relation="include">
        </childnode>
        <childnode refid="9" relation="include">
        </childnode>
      </node>
      <node id="12">
        <label>interpretador.c</label>
        <link refid="interpretador_8c_source"/>
      </node>
      <node id="7">
        <label>interpretador.h</label>
        <link refid="interpretador_8h"/>
        <childnode refid="8" relation="include">
        </childnode>
        <childnode refid="10" relation="include">
        </childnode>
        <childnode refid="12" relation="include">
        </childnode>
        <childnode refid="13" relation="include">
        </childnode>
      </node>
    </invincdepgraph>
    <innerclass refid="structCOORDENADA" prot="public">COORDENADA</innerclass>
    <innerclass refid="structJOGADA" prot="public">JOGADA</innerclass>
    <innerclass refid="structESTADO" prot="public">ESTADO</innerclass>
      <sectiondef kind="enum">
      <memberdef kind="enum" id="data_8h_1aba91601f16d4c485b2d9b8c429f27039" prot="public" static="no" strong="no">
        <type></type>
        <name>CASA</name>
        <enumvalue id="data_8h_1aba91601f16d4c485b2d9b8c429f27039abc711f491a56ec7af7a688be508c5113" prot="public">
          <name>VAZIO</name>
          <briefdescription>
          </briefdescription>
          <detaileddescription>
          </detaileddescription>
        </enumvalue>
        <enumvalue id="data_8h_1aba91601f16d4c485b2d9b8c429f27039ac8ab2059b949ffb7f8e756fe07b33d50" prot="public">
          <name>RASTRO</name>
          <briefdescription>
          </briefdescription>
          <detaileddescription>
          </detaileddescription>
        </enumvalue>
        <enumvalue id="data_8h_1aba91601f16d4c485b2d9b8c429f27039a2a68287288d53d9e3d0129de720a5b8e" prot="public">
          <name>PECA</name>
          <briefdescription>
          </briefdescription>
          <detaileddescription>
          </detaileddescription>
        </enumvalue>
        <enumvalue id="data_8h_1aba91601f16d4c485b2d9b8c429f27039adbf30221bdff40891fc1a1f6b5cf20e4" prot="public">
          <name>POS1</name>
          <briefdescription>
          </briefdescription>
          <detaileddescription>
          </detaileddescription>
        </enumvalue>
        <enumvalue id="data_8h_1aba91601f16d4c485b2d9b8c429f27039a82361df9d511ef14b9e4b6f8312684dc" prot="public">
          <name>POS2</name>
          <briefdescription>
          </briefdescription>
          <detaileddescription>
          </detaileddescription>
        </enumvalue>
        <briefdescription>
<para>Tipo de dados para a casa. </para>
        </briefdescription>
        <detaileddescription>
        </detaileddescription>
        <inbodydescription>
        </inbodydescription>
        <location file="data.h" line="11" column="14" bodyfile="data.h" bodystart="11" bodyend="17"/>
      </memberdef>
      </sectiondef>
      <sectiondef kind="typedef">
      <memberdef kind="typedef" id="data_8h_1a94c221d29a1760f008b7834093259b7d" prot="public" static="no">
        <type><ref refid="structJOGADA" kindref="compound">JOGADA</ref></type>
        <definition>typedef JOGADA JOGADAS[32]</definition>
        <argsstring>[32]</argsstring>
        <name>JOGADAS</name>
        <briefdescription>
<para>Tipo de dados para as jogadas. </para>
        </briefdescription>
        <detaileddescription>
        </detaileddescription>
        <inbodydescription>
        </inbodydescription>
        <location file="data.h" line="38" column="16" bodyfile="data.h" bodystart="38" bodyend="-1"/>
      </memberdef>
      </sectiondef>
      <sectiondef kind="func">
      <memberdef kind="function" id="data_8h_1a2daaed57ace3c257d7f948293783e9eb" prot="public" static="no" const="no" explicit="no" inline="no" virt="non-virtual">
        <type>int</type>
        <definition>int obter_linha_coord</definition>
        <argsstring>(COORDENADA coord)</argsstring>
        <name>obter_linha_coord</name>
        <param>
          <type><ref refid="structCOORDENADA" kindref="compound">COORDENADA</ref></type>
          <declname>coord</declname>
        </param>
        <briefdescription>
<para>Funçao para obter a linha de uma coordenada. </para>
        </briefdescription>
        <detaileddescription>
<para><parameterlist kind="param"><parameteritem>
<parameternamelist>
<parametername>coord</parametername>
</parameternamelist>
<parameterdescription>
<para>coordenada pretendida </para>
</parameterdescription>
</parameteritem>
</parameterlist>
<simplesect kind="return"><para>Retorna a linha correspondente à coordenada </para>
</simplesect>
</para>
        </detaileddescription>
        <inbodydescription>
        </inbodydescription>
        <location file="data.h" line="60" column="5" bodyfile="data.c" bodystart="3" bodyend="5" declfile="data.h" declline="60" declcolumn="5"/>
      </memberdef>
      <memberdef kind="function" id="data_8h_1a3ed4d21a46780eeda0ed8f424bee08a1" prot="public" static="no" const="no" explicit="no" inline="no" virt="non-virtual">
        <type>int</type>
        <definition>int obter_coluna_coord</definition>
        <argsstring>(COORDENADA coord)</argsstring>
        <name>obter_coluna_coord</name>
        <param>
          <type><ref refid="structCOORDENADA" kindref="compound">COORDENADA</ref></type>
          <declname>coord</declname>
        </param>
        <briefdescription>
<para>Funçao para obter a coluna de uma coordenada. </para>
        </briefdescription>
        <detaileddescription>
<para><parameterlist kind="param"><parameteritem>
<parameternamelist>
<parametername>coord</parametername>
</parameternamelist>
<parameterdescription>
<para>coordenada pretendida </para>
</parameterdescription>
</parameteritem>
</parameterlist>
<simplesect kind="return"><para>Retorna a coluna correspondente à coordenada </para>
</simplesect>
</para>
        </detaileddescription>
        <inbodydescription>
        </inbodydescription>
        <location file="data.h" line="66" column="5" bodyfile="data.c" bodystart="7" bodyend="9" declfile="data.h" declline="66" declcolumn="5"/>
      </memberdef>
      <memberdef kind="function" id="data_8h_1adff04e626f2030df84816a16df461e21" prot="public" static="no" const="no" explicit="no" inline="no" virt="non-virtual">
        <type><ref refid="structCOORDENADA" kindref="compound">COORDENADA</ref></type>
        <definition>COORDENADA obter_jogada_jogador</definition>
        <argsstring>(ESTADO *estado, int jogada, int jogador)</argsstring>
        <name>obter_jogada_jogador</name>
        <param>
          <type><ref refid="structESTADO" kindref="compound">ESTADO</ref> *</type>
          <declname>estado</declname>
        </param>
        <param>
          <type>int</type>
          <declname>jogada</declname>
        </param>
        <param>
          <type>int</type>
          <declname>jogador</declname>
        </param>
        <briefdescription>
<para>Funçao para obter a jogada efetuada por um jogador. </para>
        </briefdescription>
        <detaileddescription>
<para><parameterlist kind="param"><parameteritem>
<parameternamelist>
<parametername>estado</parametername>
</parameternamelist>
<parameterdescription>
<para>apontador para o estado </para>
</parameterdescription>
</parameteritem>
<parameteritem>
<parameternamelist>
<parametername>jogada</parametername>
</parameternamelist>
<parameterdescription>
<para>numero da jogada </para>
</parameterdescription>
</parameteritem>
<parameteritem>
<parameternamelist>
<parametername>jogador</parametername>
</parameternamelist>
<parameterdescription>
<para>jogador pretendido </para>
</parameterdescription>
</parameteritem>
</parameterlist>
<simplesect kind="return"><para>Retorna a jogada efetuada pelo jogador </para>
</simplesect>
</para>
        </detaileddescription>
        <inbodydescription>
        </inbodydescription>
        <location file="data.h" line="74" column="12" bodyfile="data.c" bodystart="11" bodyend="17" declfile="data.h" declline="74" declcolumn="12"/>
      </memberdef>
      </sectiondef>
    <briefdescription>
    </briefdescription>
    <detaileddescription>
<para>Definição do estado e das funções que o manipulam </para>
    </detaileddescription>
    <programlisting>
<codeline lineno="1"></codeline>
<codeline lineno="5"><highlight class="preprocessor">#ifndef<sp/>SRC_DATA_H</highlight><highlight class="normal"></highlight></codeline>
<codeline lineno="6"><highlight class="normal"></highlight><highlight class="preprocessor">#define<sp/>SRC_DATA_H</highlight><highlight class="normal"></highlight></codeline>
<codeline lineno="7"><highlight class="normal"></highlight></codeline>
<codeline lineno="11" refid="data_8h_1aba91601f16d4c485b2d9b8c429f27039" refkind="member"><highlight class="keyword">typedef</highlight><highlight class="normal"><sp/></highlight><highlight class="keyword">enum</highlight><highlight class="normal">{</highlight></codeline>
<codeline lineno="12"><highlight class="normal"><sp/><sp/><sp/><sp/>VAZIO,</highlight></codeline>
<codeline lineno="13"><highlight class="normal"><sp/><sp/><sp/><sp/>RASTRO,</highlight></codeline>
<codeline lineno="14"><highlight class="normal"><sp/><sp/><sp/><sp/>PECA,</highlight></codeline>
<codeline lineno="15"><highlight class="normal"><sp/><sp/><sp/><sp/>POS1,</highlight></codeline>
<codeline lineno="16"><highlight class="normal"><sp/><sp/><sp/><sp/>POS2</highlight></codeline>
<codeline lineno="17"><highlight class="normal">}<ref refid="data_8h_1aba91601f16d4c485b2d9b8c429f27039" kindref="member">CASA</ref>;</highlight></codeline>
<codeline lineno="18"><highlight class="normal"></highlight></codeline>
<codeline lineno="22" refid="structCOORDENADA" refkind="compound"><highlight class="keyword">typedef</highlight><highlight class="normal"><sp/></highlight><highlight class="keyword">struct<sp/></highlight><highlight class="normal">{</highlight></codeline>
<codeline lineno="23"><highlight class="normal"><sp/><sp/><sp/><sp/></highlight><highlight class="keywordtype">int</highlight><highlight class="normal"><sp/>coluna;</highlight></codeline>
<codeline lineno="24"><highlight class="normal"><sp/><sp/><sp/><sp/></highlight><highlight class="keywordtype">int</highlight><highlight class="normal"><sp/>linha;</highlight></codeline>
<codeline lineno="25"><highlight class="normal">}<ref refid="structCOORDENADA" kindref="compound">COORDENADA</ref>;</highlight></codeline>
<codeline lineno="26"><highlight class="normal"></highlight></codeline>
<codeline lineno="30" refid="structJOGADA" refkind="compound"><highlight class="keyword">typedef</highlight><highlight class="normal"><sp/></highlight><highlight class="keyword">struct<sp/></highlight><highlight class="normal">{</highlight></codeline>
<codeline lineno="31"><highlight class="normal"><sp/><sp/><sp/><sp/><ref refid="structCOORDENADA" kindref="compound">COORDENADA</ref><sp/>jogador1;</highlight></codeline>
<codeline lineno="32"><highlight class="normal"><sp/><sp/><sp/><sp/><ref refid="structCOORDENADA" kindref="compound">COORDENADA</ref><sp/>jogador2;</highlight></codeline>
<codeline lineno="33"><highlight class="normal">}<ref refid="structJOGADA" kindref="compound">JOGADA</ref>;</highlight></codeline>
<codeline lineno="34"><highlight class="normal"></highlight></codeline>
<codeline lineno="38" refid="data_8h_1a94c221d29a1760f008b7834093259b7d" refkind="member"><highlight class="keyword">typedef</highlight><highlight class="normal"><sp/><ref refid="structJOGADA" kindref="compound">JOGADA</ref><sp/><ref refid="data_8h_1a94c221d29a1760f008b7834093259b7d" kindref="member">JOGADAS</ref>[32];</highlight></codeline>
<codeline lineno="39"><highlight class="normal"></highlight></codeline>
<codeline lineno="43" refid="structESTADO" refkind="compound"><highlight class="keyword">typedef</highlight><highlight class="normal"><sp/></highlight><highlight class="keyword">struct</highlight><highlight class="normal">{</highlight></codeline>
<codeline lineno="45" refid="structESTADO_1ab56f0f1be16954d3768b4174d14c087d" refkind="member"><highlight class="normal"><sp/><sp/><sp/><sp/><ref refid="data_8h_1aba91601f16d4c485b2d9b8c429f27039" kindref="member">CASA</ref><sp/>tab[8][8];</highlight></codeline>
<codeline lineno="47" refid="structESTADO_1a4896a5c5c1f40b43fb795623327e3f47" refkind="member"><highlight class="normal"><sp/><sp/><sp/><sp/><ref refid="structCOORDENADA" kindref="compound">COORDENADA</ref><sp/><ref refid="structESTADO_1a4896a5c5c1f40b43fb795623327e3f47" kindref="member">ultima_jogada</ref>;</highlight></codeline>
<codeline lineno="49" refid="structESTADO_1afae43b87a488fad0f2b56a18bad31d18" refkind="member"><highlight class="normal"><sp/><sp/><sp/><sp/><ref refid="data_8h_1a94c221d29a1760f008b7834093259b7d" kindref="member">JOGADAS</ref><sp/><ref refid="structESTADO_1afae43b87a488fad0f2b56a18bad31d18" kindref="member">jogadas</ref>;</highlight></codeline>
<codeline lineno="51" refid="structESTADO_1a261495728744647e618b4e623f5a4b7a" refkind="member"><highlight class="normal"><sp/><sp/><sp/><sp/></highlight><highlight class="keywordtype">int</highlight><highlight class="normal"><sp/><ref refid="structESTADO_1a261495728744647e618b4e623f5a4b7a" kindref="member">num_jogadas</ref>;</highlight></codeline>
<codeline lineno="53" refid="structESTADO_1a5dd28e2e68b7aef2b6b7ea88e02eff58" refkind="member"><highlight class="normal"><sp/><sp/><sp/><sp/></highlight><highlight class="keywordtype">int</highlight><highlight class="normal"><sp/><ref refid="structESTADO_1a5dd28e2e68b7aef2b6b7ea88e02eff58" kindref="member">jogador_atual</ref>;</highlight></codeline>
<codeline lineno="54"><highlight class="normal">}<ref refid="structESTADO" kindref="compound">ESTADO</ref>;</highlight></codeline>
<codeline lineno="60"><highlight class="keywordtype">int</highlight><highlight class="normal"><sp/><ref refid="data_8h_1a2daaed57ace3c257d7f948293783e9eb" kindref="member">obter_linha_coord</ref>(<ref refid="structCOORDENADA" kindref="compound">COORDENADA</ref><sp/>coord);</highlight></codeline>
<codeline lineno="66"><highlight class="keywordtype">int</highlight><highlight class="normal"><sp/><ref refid="data_8h_1a3ed4d21a46780eeda0ed8f424bee08a1" kindref="member">obter_coluna_coord</ref>(<ref refid="structCOORDENADA" kindref="compound">COORDENADA</ref><sp/>coord);</highlight></codeline>
<codeline lineno="74"><highlight class="normal"><ref refid="structCOORDENADA" kindref="compound">COORDENADA</ref><sp/><ref refid="data_8h_1adff04e626f2030df84816a16df461e21" kindref="member">obter_jogada_jogador</ref>(<ref refid="structESTADO" kindref="compound">ESTADO</ref><sp/>*estado,</highlight><highlight class="keywordtype">int</highlight><highlight class="normal"><sp/>jogada,<sp/></highlight><highlight class="keywordtype">int</highlight><highlight class="normal"><sp/>jogador);</highlight></codeline>
<codeline lineno="75"><highlight class="normal"></highlight></codeline>
<codeline lineno="76"><highlight class="normal"></highlight><highlight class="preprocessor">#endif<sp/>//SRC_DATA_H</highlight></codeline>
    </programlisting>
    <location file="data.h"/>
  </compounddef>
</doxygen>
