<?xml version='1.0' encoding='UTF-8' standalone='no'?>
<doxygen xmlns:xsi="http://www.w3.org/2001/XMLSchema-instance" xsi:noNamespaceSchemaLocation="compound.xsd" version="1.8.17">
  <compounddef id="dir_fdd899ddc42926d2a47f8247d252596f" kind="dir">
    <compoundname>cmake-build-debug/CMakeFiles/src.dir</compoundname>
    <briefdescription>
    </briefdescription>
    <detaileddescription>
    </detaileddescription>
    <location file="cmake-build-debug/CMakeFiles/src.dir/"/>
  </compounddef>
</doxygen>
