<?xml version='1.0' encoding='UTF-8' standalone='no'?>
<doxygen xmlns:xsi="http://www.w3.org/2001/XMLSchema-instance" xsi:noNamespaceSchemaLocation="compound.xsd" version="1.8.17">
  <compounddef id="estado_8h" kind="file" language="C++">
    <compoundname>estado.h</compoundname>
    <includes local="no">stdlib.h</includes>
    <includes refid="data_8h" local="yes">data.h</includes>
    <includedby refid="estado_8c" local="yes">estado.c</includedby>
    <includedby refid="file_8h" local="yes">file.h</includedby>
    <includedby refid="jogada_8h" local="yes">jogada.h</includedby>
    <includedby refid="pos_8h" local="yes">pos.h</includedby>
    <includedby refid="main_8c" local="yes">main.c</includedby>
    <incdepgraph>
      <node id="1">
        <label>estado.h</label>
        <link refid="estado_8h"/>
        <childnode refid="2" relation="include">
        </childnode>
        <childnode refid="3" relation="include">
        </childnode>
      </node>
      <node id="2">
        <label>stdlib.h</label>
      </node>
      <node id="3">
        <label>data.h</label>
        <link refid="data_8h"/>
      </node>
    </incdepgraph>
    <invincdepgraph>
      <node id="2">
        <label>estado.c</label>
        <link refid="estado_8c_source"/>
      </node>
      <node id="1">
        <label>estado.h</label>
        <link refid="estado_8h"/>
        <childnode refid="2" relation="include">
        </childnode>
        <childnode refid="3" relation="include">
        </childnode>
        <childnode refid="6" relation="include">
        </childnode>
        <childnode refid="12" relation="include">
        </childnode>
        <childnode refid="11" relation="include">
        </childnode>
      </node>
      <node id="4">
        <label>file.c</label>
        <link refid="file_8c_source"/>
      </node>
      <node id="3">
        <label>file.h</label>
        <link refid="file_8h"/>
        <childnode refid="4" relation="include">
        </childnode>
        <childnode refid="5" relation="include">
        </childnode>
      </node>
      <node id="13">
        <label>pos.c</label>
        <link refid="pos_8c_source"/>
      </node>
      <node id="12">
        <label>pos.h</label>
        <link refid="pos_8h_source"/>
        <childnode refid="5" relation="include">
        </childnode>
        <childnode refid="13" relation="include">
        </childnode>
      </node>
      <node id="11">
        <label>main.c</label>
        <link refid="main_8c_source"/>
      </node>
      <node id="9">
        <label>lista.c</label>
        <link refid="lista_8c_source"/>
      </node>
      <node id="7">
        <label>jogada.c</label>
        <link refid="jogada_8c_source"/>
      </node>
      <node id="8">
        <label>lista.h</label>
        <link refid="lista_8h_source"/>
        <childnode refid="5" relation="include">
        </childnode>
        <childnode refid="9" relation="include">
        </childnode>
      </node>
      <node id="6">
        <label>jogada.h</label>
        <link refid="jogada_8h"/>
        <childnode refid="3" relation="include">
        </childnode>
        <childnode refid="5" relation="include">
        </childnode>
        <childnode refid="7" relation="include">
        </childnode>
      </node>
      <node id="10">
        <label>interpretador.c</label>
        <link refid="interpretador_8c_source"/>
      </node>
      <node id="5">
        <label>interpretador.h</label>
        <link refid="interpretador_8h"/>
        <childnode refid="6" relation="include">
        </childnode>
        <childnode refid="8" relation="include">
        </childnode>
        <childnode refid="10" relation="include">
        </childnode>
        <childnode refid="11" relation="include">
        </childnode>
      </node>
    </invincdepgraph>
      <sectiondef kind="func">
      <memberdef kind="function" id="estado_8h_1a7e0c7e26fb685d9ab501e19b05e6954f" prot="public" static="no" const="no" explicit="no" inline="no" virt="non-virtual">
        <type><ref refid="structESTADO" kindref="compound">ESTADO</ref> *</type>
        <definition>ESTADO* inicializar_estado</definition>
        <argsstring>()</argsstring>
        <name>inicializar_estado</name>
        <briefdescription>
<para>Inicializa o estado. </para>
        </briefdescription>
        <detaileddescription>
<para><simplesect kind="return"><para>Retorna o estado inicializado </para>
</simplesect>
</para>
        </detaileddescription>
        <inbodydescription>
        </inbodydescription>
        <location file="estado.h" line="14" column="8" bodyfile="estado.c" bodystart="15" bodyend="35" declfile="estado.h" declline="14" declcolumn="8"/>
      </memberdef>
      <memberdef kind="function" id="estado_8h_1ad6e326e4ffa57ca1ae0c75377ecefc8c" prot="public" static="no" const="no" explicit="no" inline="no" virt="non-virtual">
        <type>int</type>
        <definition>int obter_jogador_atual</definition>
        <argsstring>(ESTADO *estado)</argsstring>
        <name>obter_jogador_atual</name>
        <param>
          <type><ref refid="structESTADO" kindref="compound">ESTADO</ref> *</type>
          <declname>estado</declname>
        </param>
        <briefdescription>
<para>Função para obter o jogador atual. </para>
        </briefdescription>
        <detaileddescription>
<para><parameterlist kind="param"><parameteritem>
<parameternamelist>
<parametername>estado</parametername>
</parameternamelist>
<parameterdescription>
<para>Estado atual </para>
</parameterdescription>
</parameteritem>
</parameterlist>
<simplesect kind="return"><para>Retorna o jogador atual </para>
</simplesect>
</para>
        </detaileddescription>
        <inbodydescription>
        </inbodydescription>
        <location file="estado.h" line="20" column="5" bodyfile="estado.c" bodystart="37" bodyend="39" declfile="estado.h" declline="20" declcolumn="5"/>
      </memberdef>
      <memberdef kind="function" id="estado_8h_1a6cd0b387bdee9e18003c78852394aa63" prot="public" static="no" const="no" explicit="no" inline="no" virt="non-virtual">
        <type>int</type>
        <definition>int obter_numero_de_jogadas</definition>
        <argsstring>(ESTADO *estado)</argsstring>
        <name>obter_numero_de_jogadas</name>
        <param>
          <type><ref refid="structESTADO" kindref="compound">ESTADO</ref> *</type>
          <declname>estado</declname>
        </param>
        <briefdescription>
<para>Função para obter o número de jogadas efetuadas. </para>
        </briefdescription>
        <detaileddescription>
<para><parameterlist kind="param"><parameteritem>
<parameternamelist>
<parametername>estado</parametername>
</parameternamelist>
<parameterdescription>
<para>Estado atual </para>
</parameterdescription>
</parameteritem>
</parameterlist>
<simplesect kind="return"><para>Retorna o numero de jogadas efetuadas </para>
</simplesect>
</para>
        </detaileddescription>
        <inbodydescription>
        </inbodydescription>
        <location file="estado.h" line="26" column="5" bodyfile="estado.c" bodystart="45" bodyend="47" declfile="estado.h" declline="26" declcolumn="5"/>
      </memberdef>
      <memberdef kind="function" id="estado_8h_1a6faa68373203923729ed38657aa0f768" prot="public" static="no" const="no" explicit="no" inline="no" virt="non-virtual">
        <type><ref refid="data_8h_1aba91601f16d4c485b2d9b8c429f27039" kindref="member">CASA</ref></type>
        <definition>CASA obter_estado_casa</definition>
        <argsstring>(ESTADO *e, COORDENADA c)</argsstring>
        <name>obter_estado_casa</name>
        <param>
          <type><ref refid="structESTADO" kindref="compound">ESTADO</ref> *</type>
          <declname>e</declname>
        </param>
        <param>
          <type><ref refid="structCOORDENADA" kindref="compound">COORDENADA</ref></type>
          <declname>c</declname>
        </param>
        <briefdescription>
<para>Função que através do estado e da coordenada indica o estado da casa referente a essas coordenadas. </para>
        </briefdescription>
        <detaileddescription>
<para><parameterlist kind="param"><parameteritem>
<parameternamelist>
<parametername>e</parametername>
</parameternamelist>
<parameterdescription>
<para>Apontador para o estado </para>
</parameterdescription>
</parameteritem>
<parameteritem>
<parameternamelist>
<parametername>c</parametername>
</parameternamelist>
<parameterdescription>
<para>A coordenada </para>
</parameterdescription>
</parameteritem>
</parameterlist>
<simplesect kind="return"><para>Retorna o estado da casa </para>
</simplesect>
</para>
        </detaileddescription>
        <inbodydescription>
        </inbodydescription>
        <location file="estado.h" line="33" column="6" bodyfile="estado.c" bodystart="49" bodyend="51" declfile="estado.h" declline="33" declcolumn="6"/>
      </memberdef>
      <memberdef kind="function" id="estado_8h_1ab3b8be2c1d31ca864df920d8f0df3a04" prot="public" static="no" const="no" explicit="no" inline="no" virt="non-virtual">
        <type>void</type>
        <definition>void setTabuleiro</definition>
        <argsstring>(ESTADO *e, CASA tab[8][8])</argsstring>
        <name>setTabuleiro</name>
        <param>
          <type><ref refid="structESTADO" kindref="compound">ESTADO</ref> *</type>
          <declname>e</declname>
        </param>
        <param>
          <type><ref refid="data_8h_1aba91601f16d4c485b2d9b8c429f27039" kindref="member">CASA</ref></type>
          <declname>tab</declname>
          <array>[8][8]</array>
        </param>
        <briefdescription>
<para>Função para desenhar o tabuleiro. </para>
        </briefdescription>
        <detaileddescription>
<para><parameterlist kind="param"><parameteritem>
<parameternamelist>
<parametername>e</parametername>
</parameternamelist>
<parameterdescription>
<para>Estado atual </para>
</parameterdescription>
</parameteritem>
<parameteritem>
<parameternamelist>
<parametername>tab</parametername>
</parameternamelist>
<parameterdescription>
<para>O tabuleiro </para>
</parameterdescription>
</parameteritem>
</parameterlist>
<simplesect kind="return"><para>Retorna o tabuleiro </para>
</simplesect>
</para>
        </detaileddescription>
        <inbodydescription>
        </inbodydescription>
        <location file="estado.h" line="40" column="6" bodyfile="estado.c" bodystart="53" bodyend="59" declfile="estado.h" declline="40" declcolumn="6"/>
      </memberdef>
      <memberdef kind="function" id="estado_8h_1aa21af881dfebf0f0e822b806edf9a006" prot="public" static="no" const="no" explicit="no" inline="no" virt="non-virtual">
        <type><ref refid="structCOORDENADA" kindref="compound">COORDENADA</ref></type>
        <definition>COORDENADA obter_coordenada_peca</definition>
        <argsstring>(CASA tab[8][8])</argsstring>
        <name>obter_coordenada_peca</name>
        <param>
          <type><ref refid="data_8h_1aba91601f16d4c485b2d9b8c429f27039" kindref="member">CASA</ref></type>
          <declname>tab</declname>
          <array>[8][8]</array>
        </param>
        <briefdescription>
<para>Função para obter a posição da PECA percorrendo a matriz da tabuleiro. </para>
        </briefdescription>
        <detaileddescription>
<para><parameterlist kind="param"><parameteritem>
<parameternamelist>
<parametername>tab</parametername>
</parameternamelist>
<parameterdescription>
<para>O tabuleiro </para>
</parameterdescription>
</parameteritem>
</parameterlist>
<simplesect kind="return"><para>Retorna a coordenada da PECA </para>
</simplesect>
</para>
        </detaileddescription>
        <inbodydescription>
        </inbodydescription>
        <location file="estado.h" line="47" column="12" bodyfile="estado.c" bodystart="61" bodyend="77" declfile="estado.h" declline="47" declcolumn="12"/>
      </memberdef>
      <memberdef kind="function" id="estado_8h_1a8c15dc48cadd06ac3887d88e47fd5ed1" prot="public" static="no" const="no" explicit="no" inline="no" virt="non-virtual">
        <type>void</type>
        <definition>void resetJogadas</definition>
        <argsstring>(ESTADO *estado)</argsstring>
        <name>resetJogadas</name>
        <param>
          <type><ref refid="structESTADO" kindref="compound">ESTADO</ref> *</type>
          <declname>estado</declname>
        </param>
        <briefdescription>
<para>Função para resetar as jogadas. </para>
        </briefdescription>
        <detaileddescription>
<para><parameterlist kind="param"><parameteritem>
<parameternamelist>
<parametername>estado</parametername>
</parameternamelist>
<parameterdescription>
<para>O estado atual </para>
</parameterdescription>
</parameteritem>
</parameterlist>
</para>
        </detaileddescription>
        <inbodydescription>
        </inbodydescription>
        <location file="estado.h" line="52" column="6" bodyfile="estado.c" bodystart="79" bodyend="88" declfile="estado.h" declline="52" declcolumn="6"/>
      </memberdef>
      <memberdef kind="function" id="estado_8h_1a002d7b97f6e1f8bfa2b50efbe03d62bf" prot="public" static="no" const="no" explicit="no" inline="no" virt="non-virtual">
        <type><ref refid="structCOORDENADA" kindref="compound">COORDENADA</ref></type>
        <definition>COORDENADA obter_ultima_jogada</definition>
        <argsstring>(ESTADO *estado)</argsstring>
        <name>obter_ultima_jogada</name>
        <param>
          <type><ref refid="structESTADO" kindref="compound">ESTADO</ref> *</type>
          <declname>estado</declname>
        </param>
        <briefdescription>
<para>Função para obter a última jogada efetuada. </para>
        </briefdescription>
        <detaileddescription>
<para><parameterlist kind="param"><parameteritem>
<parameternamelist>
<parametername>estado</parametername>
</parameternamelist>
<parameterdescription>
<para>O estado atual </para>
</parameterdescription>
</parameteritem>
</parameterlist>
<simplesect kind="return"><para>Retorna a última jogada efetuada </para>
</simplesect>
</para>
        </detaileddescription>
        <inbodydescription>
        </inbodydescription>
        <location file="estado.h" line="58" column="12" bodyfile="estado.c" bodystart="41" bodyend="43" declfile="estado.h" declline="58" declcolumn="12"/>
      </memberdef>
      </sectiondef>
    <briefdescription>
    </briefdescription>
    <detaileddescription>
<para>Definição das funções que alteram o estado </para>
    </detaileddescription>
    <programlisting>
<codeline lineno="1"></codeline>
<codeline lineno="5"><highlight class="preprocessor">#ifndef<sp/>SRC_ESTADO_H</highlight><highlight class="normal"></highlight></codeline>
<codeline lineno="6"><highlight class="normal"></highlight><highlight class="preprocessor">#define<sp/>SRC_ESTADO_H</highlight><highlight class="normal"></highlight></codeline>
<codeline lineno="7"><highlight class="normal"></highlight></codeline>
<codeline lineno="8"><highlight class="normal"></highlight><highlight class="preprocessor">#include<sp/>&lt;stdlib.h&gt;</highlight><highlight class="normal"></highlight></codeline>
<codeline lineno="9"><highlight class="normal"></highlight><highlight class="preprocessor">#include<sp/>&quot;<ref refid="data_8h" kindref="compound">data.h</ref>&quot;</highlight></codeline>
<codeline lineno="14"><highlight class="normal"><ref refid="structESTADO" kindref="compound">ESTADO</ref><sp/>*<ref refid="estado_8h_1a7e0c7e26fb685d9ab501e19b05e6954f" kindref="member">inicializar_estado</ref>();</highlight></codeline>
<codeline lineno="20"><highlight class="keywordtype">int</highlight><highlight class="normal"><sp/><ref refid="estado_8h_1ad6e326e4ffa57ca1ae0c75377ecefc8c" kindref="member">obter_jogador_atual</ref>(<ref refid="structESTADO" kindref="compound">ESTADO</ref><sp/>*estado);</highlight></codeline>
<codeline lineno="26"><highlight class="keywordtype">int</highlight><highlight class="normal"><sp/><ref refid="estado_8h_1a6cd0b387bdee9e18003c78852394aa63" kindref="member">obter_numero_de_jogadas</ref>(<ref refid="structESTADO" kindref="compound">ESTADO</ref><sp/>*estado);</highlight></codeline>
<codeline lineno="33"><highlight class="normal"><ref refid="data_8h_1aba91601f16d4c485b2d9b8c429f27039" kindref="member">CASA</ref><sp/><ref refid="estado_8h_1a6faa68373203923729ed38657aa0f768" kindref="member">obter_estado_casa</ref>(<ref refid="structESTADO" kindref="compound">ESTADO</ref><sp/>*e,<sp/><ref refid="structCOORDENADA" kindref="compound">COORDENADA</ref><sp/>c);</highlight></codeline>
<codeline lineno="40"><highlight class="keywordtype">void</highlight><highlight class="normal"><sp/><ref refid="estado_8h_1ab3b8be2c1d31ca864df920d8f0df3a04" kindref="member">setTabuleiro</ref>(<ref refid="structESTADO" kindref="compound">ESTADO</ref><sp/>*e,<sp/><ref refid="data_8h_1aba91601f16d4c485b2d9b8c429f27039" kindref="member">CASA</ref><sp/>tab[8][8]);</highlight></codeline>
<codeline lineno="47"><highlight class="normal"><ref refid="structCOORDENADA" kindref="compound">COORDENADA</ref><sp/><ref refid="estado_8h_1aa21af881dfebf0f0e822b806edf9a006" kindref="member">obter_coordenada_peca</ref>(<ref refid="data_8h_1aba91601f16d4c485b2d9b8c429f27039" kindref="member">CASA</ref><sp/>tab[8][8]);</highlight></codeline>
<codeline lineno="52"><highlight class="keywordtype">void</highlight><highlight class="normal"><sp/><ref refid="estado_8h_1a8c15dc48cadd06ac3887d88e47fd5ed1" kindref="member">resetJogadas</ref>(<ref refid="structESTADO" kindref="compound">ESTADO</ref><sp/>*estado);</highlight></codeline>
<codeline lineno="58"><highlight class="normal"><ref refid="structCOORDENADA" kindref="compound">COORDENADA</ref><sp/><ref refid="estado_8h_1a002d7b97f6e1f8bfa2b50efbe03d62bf" kindref="member">obter_ultima_jogada</ref>(<ref refid="structESTADO" kindref="compound">ESTADO</ref><sp/>*estado);</highlight></codeline>
<codeline lineno="59"><highlight class="normal"></highlight></codeline>
<codeline lineno="60"><highlight class="normal"></highlight><highlight class="preprocessor">#endif<sp/>//SRC_ESTADO_H</highlight></codeline>
    </programlisting>
    <location file="estado.h"/>
  </compounddef>
</doxygen>
