<?xml version='1.0' encoding='UTF-8' standalone='no'?>
<doxygen xmlns:xsi="http://www.w3.org/2001/XMLSchema-instance" xsi:noNamespaceSchemaLocation="compound.xsd" version="1.8.17">
  <compounddef id="file_8h" kind="file" language="C++">
    <compoundname>file.h</compoundname>
    <includes local="yes">stdio.h</includes>
    <includes local="no">string.h</includes>
    <includes refid="data_8h" local="yes">data.h</includes>
    <includes refid="estado_8h" local="yes">estado.h</includes>
    <includes refid="jogada_8h" local="yes">jogada.h</includes>
    <includedby refid="file_8c" local="yes">file.c</includedby>
    <includedby refid="interpretador_8h" local="yes">interpretador.h</includedby>
    <incdepgraph>
      <node id="5">
        <label>estado.h</label>
        <link refid="estado_8h"/>
        <childnode refid="6" relation="include">
        </childnode>
        <childnode refid="4" relation="include">
        </childnode>
      </node>
      <node id="6">
        <label>stdlib.h</label>
      </node>
      <node id="9">
        <label>movs.h</label>
        <link refid="movs_8h_source"/>
        <childnode refid="2" relation="include">
        </childnode>
        <childnode refid="4" relation="include">
        </childnode>
      </node>
      <node id="1">
        <label>file.h</label>
        <link refid="file_8h"/>
        <childnode refid="2" relation="include">
        </childnode>
        <childnode refid="3" relation="include">
        </childnode>
        <childnode refid="4" relation="include">
        </childnode>
        <childnode refid="5" relation="include">
        </childnode>
        <childnode refid="7" relation="include">
        </childnode>
      </node>
      <node id="4">
        <label>data.h</label>
        <link refid="data_8h"/>
      </node>
      <node id="11">
        <label>tabuleiro.h</label>
        <link refid="tabuleiro_8h"/>
        <childnode refid="4" relation="include">
        </childnode>
      </node>
      <node id="10">
        <label>pos.h</label>
        <link refid="pos_8h_source"/>
        <childnode refid="2" relation="include">
        </childnode>
        <childnode refid="4" relation="include">
        </childnode>
        <childnode refid="5" relation="include">
        </childnode>
        <childnode refid="11" relation="include">
        </childnode>
      </node>
      <node id="3">
        <label>string.h</label>
      </node>
      <node id="13">
        <label>math.h</label>
      </node>
      <node id="2">
        <label>stdio.h</label>
      </node>
      <node id="12">
        <label>lista.h</label>
        <link refid="lista_8h_source"/>
        <childnode refid="2" relation="include">
        </childnode>
        <childnode refid="6" relation="include">
        </childnode>
        <childnode refid="13" relation="include">
        </childnode>
        <childnode refid="4" relation="include">
        </childnode>
        <childnode refid="8" relation="include">
        </childnode>
      </node>
      <node id="7">
        <label>jogada.h</label>
        <link refid="jogada_8h"/>
        <childnode refid="5" relation="include">
        </childnode>
        <childnode refid="8" relation="include">
        </childnode>
        <childnode refid="11" relation="include">
        </childnode>
      </node>
      <node id="8">
        <label>interpretador.h</label>
        <link refid="interpretador_8h"/>
        <childnode refid="2" relation="include">
        </childnode>
        <childnode refid="3" relation="include">
        </childnode>
        <childnode refid="7" relation="include">
        </childnode>
        <childnode refid="9" relation="include">
        </childnode>
        <childnode refid="10" relation="include">
        </childnode>
        <childnode refid="1" relation="include">
        </childnode>
        <childnode refid="12" relation="include">
        </childnode>
      </node>
    </incdepgraph>
    <invincdepgraph>
      <node id="2">
        <label>file.c</label>
        <link refid="file_8c_source"/>
      </node>
      <node id="1">
        <label>file.h</label>
        <link refid="file_8h"/>
        <childnode refid="2" relation="include">
        </childnode>
        <childnode refid="3" relation="include">
        </childnode>
      </node>
      <node id="9">
        <label>main.c</label>
        <link refid="main_8c_source"/>
      </node>
      <node id="7">
        <label>lista.c</label>
        <link refid="lista_8c_source"/>
      </node>
      <node id="5">
        <label>jogada.c</label>
        <link refid="jogada_8c_source"/>
      </node>
      <node id="6">
        <label>lista.h</label>
        <link refid="lista_8h_source"/>
        <childnode refid="3" relation="include">
        </childnode>
        <childnode refid="7" relation="include">
        </childnode>
      </node>
      <node id="4">
        <label>jogada.h</label>
        <link refid="jogada_8h"/>
        <childnode refid="1" relation="include">
        </childnode>
        <childnode refid="3" relation="include">
        </childnode>
        <childnode refid="5" relation="include">
        </childnode>
      </node>
      <node id="8">
        <label>interpretador.c</label>
        <link refid="interpretador_8c_source"/>
      </node>
      <node id="3">
        <label>interpretador.h</label>
        <link refid="interpretador_8h"/>
        <childnode refid="4" relation="include">
        </childnode>
        <childnode refid="6" relation="include">
        </childnode>
        <childnode refid="8" relation="include">
        </childnode>
        <childnode refid="9" relation="include">
        </childnode>
      </node>
    </invincdepgraph>
      <sectiondef kind="func">
      <memberdef kind="function" id="file_8h_1a88be94d179abd5073870fc1d206b3770" prot="public" static="no" const="no" explicit="no" inline="no" virt="non-virtual">
        <type>void</type>
        <definition>void gr</definition>
        <argsstring>(char *file_name, ESTADO *estado)</argsstring>
        <name>gr</name>
        <param>
          <type>char *</type>
          <declname>file_name</declname>
        </param>
        <param>
          <type><ref refid="structESTADO" kindref="compound">ESTADO</ref> *</type>
          <declname>estado</declname>
        </param>
        <briefdescription>
<para>Esta função lê o Estado atual e grava o tabuleiro correspondente num ficheiro. </para>
        </briefdescription>
        <detaileddescription>
<para><parameterlist kind="param"><parameteritem>
<parameternamelist>
<parametername>file_name</parametername>
</parameternamelist>
<parameterdescription>
<para>O nome do ficheiro </para>
</parameterdescription>
</parameteritem>
<parameteritem>
<parameternamelist>
<parametername>estado</parametername>
</parameternamelist>
<parameterdescription>
<para>O estado atual </para>
</parameterdescription>
</parameteritem>
</parameterlist>
</para>
        </detaileddescription>
        <inbodydescription>
        </inbodydescription>
        <location file="file.h" line="19" column="6" bodyfile="file.c" bodystart="3" bodyend="43" declfile="file.h" declline="19" declcolumn="6"/>
      </memberdef>
      <memberdef kind="function" id="file_8h_1ae6bfa898954094e9a4f4540e72ac3c81" prot="public" static="no" const="no" explicit="no" inline="no" virt="non-virtual">
        <type>void</type>
        <definition>void ler</definition>
        <argsstring>(char *file_name, ESTADO *estado)</argsstring>
        <name>ler</name>
        <param>
          <type>char *</type>
          <declname>file_name</declname>
        </param>
        <param>
          <type><ref refid="structESTADO" kindref="compound">ESTADO</ref> *</type>
          <declname>estado</declname>
        </param>
        <briefdescription>
<para>Esta função lê um ficheiro e verifica o Estado do tabuleiro. </para>
        </briefdescription>
        <detaileddescription>
<para><parameterlist kind="param"><parameteritem>
<parameternamelist>
<parametername>file_name</parametername>
</parameternamelist>
<parameterdescription>
<para>O nome do ficheiro </para>
</parameterdescription>
</parameteritem>
<parameteritem>
<parameternamelist>
<parametername>estado</parametername>
</parameternamelist>
<parameterdescription>
<para>O estado atual </para>
</parameterdescription>
</parameteritem>
</parameterlist>
</para>
        </detaileddescription>
        <inbodydescription>
        </inbodydescription>
        <location file="file.h" line="25" column="6" bodyfile="file.c" bodystart="46" bodyend="150" declfile="file.h" declline="25" declcolumn="6"/>
      </memberdef>
      </sectiondef>
    <briefdescription>
    </briefdescription>
    <detaileddescription>
<para>Definição do </para>
    </detaileddescription>
    <programlisting>
<codeline lineno="1"></codeline>
<codeline lineno="5"><highlight class="preprocessor">#ifndef<sp/>SRC_FILE_H</highlight><highlight class="normal"></highlight></codeline>
<codeline lineno="6"><highlight class="normal"></highlight><highlight class="preprocessor">#define<sp/>SRC_FILE_H</highlight><highlight class="normal"></highlight></codeline>
<codeline lineno="7"><highlight class="normal"></highlight></codeline>
<codeline lineno="8"><highlight class="normal"></highlight><highlight class="preprocessor">#include<sp/>&quot;stdio.h&quot;</highlight><highlight class="normal"></highlight></codeline>
<codeline lineno="9"><highlight class="normal"></highlight><highlight class="preprocessor">#include<sp/>&lt;string.h&gt;</highlight><highlight class="normal"></highlight></codeline>
<codeline lineno="10"><highlight class="normal"></highlight><highlight class="preprocessor">#include<sp/>&quot;<ref refid="data_8h" kindref="compound">data.h</ref>&quot;</highlight><highlight class="normal"></highlight></codeline>
<codeline lineno="11"><highlight class="normal"></highlight><highlight class="preprocessor">#include<sp/>&quot;<ref refid="estado_8h" kindref="compound">estado.h</ref>&quot;</highlight><highlight class="normal"></highlight></codeline>
<codeline lineno="12"><highlight class="normal"></highlight><highlight class="preprocessor">#include<sp/>&quot;<ref refid="jogada_8h" kindref="compound">jogada.h</ref>&quot;</highlight><highlight class="normal"></highlight></codeline>
<codeline lineno="13"><highlight class="normal"></highlight></codeline>
<codeline lineno="19"><highlight class="keywordtype">void</highlight><highlight class="normal"><sp/><ref refid="file_8h_1a88be94d179abd5073870fc1d206b3770" kindref="member">gr</ref>(</highlight><highlight class="keywordtype">char</highlight><highlight class="normal"><sp/>*file_name,<sp/><ref refid="structESTADO" kindref="compound">ESTADO</ref><sp/>*estado);</highlight></codeline>
<codeline lineno="25"><highlight class="keywordtype">void</highlight><highlight class="normal"><sp/><ref refid="file_8h_1ae6bfa898954094e9a4f4540e72ac3c81" kindref="member">ler</ref>(</highlight><highlight class="keywordtype">char</highlight><highlight class="normal"><sp/>*file_name,<sp/><ref refid="structESTADO" kindref="compound">ESTADO</ref><sp/>*estado);</highlight></codeline>
<codeline lineno="26"><highlight class="normal"></highlight></codeline>
<codeline lineno="27"><highlight class="normal"></highlight><highlight class="preprocessor">#endif<sp/>//SRC_FILE_H</highlight></codeline>
    </programlisting>
    <location file="file.h"/>
  </compounddef>
</doxygen>
