<?xml version='1.0' encoding='UTF-8' standalone='no'?>
<doxygen xmlns:xsi="http://www.w3.org/2001/XMLSchema-instance" xsi:noNamespaceSchemaLocation="compound.xsd" version="1.8.17">
  <compounddef id="file_8c" kind="file" language="C++">
    <compoundname>file.c</compoundname>
    <includes refid="file_8h" local="yes">file.h</includes>
    <incdepgraph>
      <node id="6">
        <label>estado.h</label>
        <link refid="estado_8h"/>
        <childnode refid="7" relation="include">
        </childnode>
        <childnode refid="5" relation="include">
        </childnode>
      </node>
      <node id="7">
        <label>stdlib.h</label>
      </node>
      <node id="10">
        <label>movs.h</label>
        <link refid="movs_8h_source"/>
        <childnode refid="3" relation="include">
        </childnode>
        <childnode refid="5" relation="include">
        </childnode>
      </node>
      <node id="1">
        <label>file.c</label>
        <link refid="file_8c"/>
        <childnode refid="2" relation="include">
        </childnode>
      </node>
      <node id="2">
        <label>file.h</label>
        <link refid="file_8h"/>
        <childnode refid="3" relation="include">
        </childnode>
        <childnode refid="4" relation="include">
        </childnode>
        <childnode refid="5" relation="include">
        </childnode>
        <childnode refid="6" relation="include">
        </childnode>
        <childnode refid="8" relation="include">
        </childnode>
      </node>
      <node id="5">
        <label>data.h</label>
        <link refid="data_8h"/>
      </node>
      <node id="12">
        <label>tabuleiro.h</label>
        <link refid="tabuleiro_8h"/>
        <childnode refid="5" relation="include">
        </childnode>
      </node>
      <node id="11">
        <label>pos.h</label>
        <link refid="pos_8h_source"/>
        <childnode refid="3" relation="include">
        </childnode>
        <childnode refid="5" relation="include">
        </childnode>
        <childnode refid="6" relation="include">
        </childnode>
        <childnode refid="12" relation="include">
        </childnode>
      </node>
      <node id="4">
        <label>string.h</label>
      </node>
      <node id="14">
        <label>math.h</label>
      </node>
      <node id="3">
        <label>stdio.h</label>
      </node>
      <node id="13">
        <label>lista.h</label>
        <link refid="lista_8h_source"/>
        <childnode refid="3" relation="include">
        </childnode>
        <childnode refid="7" relation="include">
        </childnode>
        <childnode refid="14" relation="include">
        </childnode>
        <childnode refid="5" relation="include">
        </childnode>
        <childnode refid="9" relation="include">
        </childnode>
      </node>
      <node id="8">
        <label>jogada.h</label>
        <link refid="jogada_8h"/>
        <childnode refid="6" relation="include">
        </childnode>
        <childnode refid="9" relation="include">
        </childnode>
        <childnode refid="12" relation="include">
        </childnode>
      </node>
      <node id="9">
        <label>interpretador.h</label>
        <link refid="interpretador_8h"/>
        <childnode refid="3" relation="include">
        </childnode>
        <childnode refid="4" relation="include">
        </childnode>
        <childnode refid="8" relation="include">
        </childnode>
        <childnode refid="10" relation="include">
        </childnode>
        <childnode refid="11" relation="include">
        </childnode>
        <childnode refid="2" relation="include">
        </childnode>
        <childnode refid="13" relation="include">
        </childnode>
      </node>
    </incdepgraph>
      <sectiondef kind="func">
      <memberdef kind="function" id="file_8c_1a88be94d179abd5073870fc1d206b3770" prot="public" static="no" const="no" explicit="no" inline="no" virt="non-virtual">
        <type>void</type>
        <definition>void gr</definition>
        <argsstring>(char *file_name, ESTADO *estado)</argsstring>
        <name>gr</name>
        <param>
          <type>char *</type>
          <declname>file_name</declname>
        </param>
        <param>
          <type><ref refid="structESTADO" kindref="compound">ESTADO</ref> *</type>
          <declname>estado</declname>
        </param>
        <briefdescription>
<para>Esta função lê o Estado atual e grava o tabuleiro correspondente num ficheiro. </para>
        </briefdescription>
        <detaileddescription>
<para><parameterlist kind="param"><parameteritem>
<parameternamelist>
<parametername>file_name</parametername>
</parameternamelist>
<parameterdescription>
<para>O nome do ficheiro </para>
</parameterdescription>
</parameteritem>
<parameteritem>
<parameternamelist>
<parametername>estado</parametername>
</parameternamelist>
<parameterdescription>
<para>O estado atual </para>
</parameterdescription>
</parameteritem>
</parameterlist>
</para>
        </detaileddescription>
        <inbodydescription>
        </inbodydescription>
        <location file="file.c" line="3" column="6" bodyfile="file.c" bodystart="3" bodyend="43"/>
      </memberdef>
      <memberdef kind="function" id="file_8c_1ae6bfa898954094e9a4f4540e72ac3c81" prot="public" static="no" const="no" explicit="no" inline="no" virt="non-virtual">
        <type>void</type>
        <definition>void ler</definition>
        <argsstring>(char *file_name, ESTADO *estado)</argsstring>
        <name>ler</name>
        <param>
          <type>char *</type>
          <declname>file_name</declname>
        </param>
        <param>
          <type><ref refid="structESTADO" kindref="compound">ESTADO</ref> *</type>
          <declname>estado</declname>
        </param>
        <briefdescription>
<para>Esta função lê um ficheiro e verifica o Estado do tabuleiro. </para>
        </briefdescription>
        <detaileddescription>
<para><parameterlist kind="param"><parameteritem>
<parameternamelist>
<parametername>file_name</parametername>
</parameternamelist>
<parameterdescription>
<para>O nome do ficheiro </para>
</parameterdescription>
</parameteritem>
<parameteritem>
<parameternamelist>
<parametername>estado</parametername>
</parameternamelist>
<parameterdescription>
<para>O estado atual </para>
</parameterdescription>
</parameteritem>
</parameterlist>
</para>
        </detaileddescription>
        <inbodydescription>
        </inbodydescription>
        <location file="file.c" line="46" column="6" bodyfile="file.c" bodystart="46" bodyend="150"/>
      </memberdef>
      </sectiondef>
    <briefdescription>
    </briefdescription>
    <detaileddescription>
    </detaileddescription>
    <programlisting>
<codeline lineno="1"><highlight class="preprocessor">#include<sp/>&quot;<ref refid="file_8h" kindref="compound">file.h</ref>&quot;</highlight><highlight class="normal"></highlight></codeline>
<codeline lineno="2"><highlight class="normal"></highlight></codeline>
<codeline lineno="3" refid="file_8h_1a88be94d179abd5073870fc1d206b3770" refkind="member"><highlight class="normal"></highlight><highlight class="keywordtype">void</highlight><highlight class="normal"><sp/><ref refid="file_8h_1a88be94d179abd5073870fc1d206b3770" kindref="member">gr</ref>(</highlight><highlight class="keywordtype">char</highlight><highlight class="normal"><sp/>*file_name,<sp/><ref refid="structESTADO" kindref="compound">ESTADO</ref><sp/>*estado){</highlight></codeline>
<codeline lineno="4"><highlight class="normal"><sp/><sp/><sp/><sp/>FILE<sp/>*file_p;</highlight></codeline>
<codeline lineno="5"><highlight class="normal"><sp/><sp/><sp/><sp/>file_p<sp/>=<sp/>fopen(file_name,<sp/></highlight><highlight class="stringliteral">&quot;w&quot;</highlight><highlight class="normal">);</highlight></codeline>
<codeline lineno="6"><highlight class="normal"><sp/><sp/><sp/><sp/></highlight><highlight class="keywordflow">for</highlight><highlight class="normal">(</highlight><highlight class="keywordtype">int</highlight><highlight class="normal"><sp/>i<sp/>=<sp/>0;<sp/>i<sp/>&lt;<sp/>8;<sp/>i++){</highlight></codeline>
<codeline lineno="7"><highlight class="normal"><sp/><sp/><sp/><sp/><sp/><sp/><sp/><sp/></highlight><highlight class="keywordflow">for</highlight><highlight class="normal">(</highlight><highlight class="keywordtype">int</highlight><highlight class="normal"><sp/>j<sp/>=<sp/>0;<sp/>j<sp/>&lt;<sp/>8;<sp/>j++){</highlight></codeline>
<codeline lineno="8"><highlight class="normal"><sp/><sp/><sp/><sp/><sp/><sp/><sp/><sp/><sp/><sp/><sp/><sp/><ref refid="data_8h_1aba91601f16d4c485b2d9b8c429f27039" kindref="member">CASA</ref><sp/>cs<sp/>=<sp/>estado-&gt;<ref refid="structESTADO_1ab56f0f1be16954d3768b4174d14c087d" kindref="member">tab</ref>[i][j];</highlight></codeline>
<codeline lineno="9"><highlight class="normal"><sp/><sp/><sp/><sp/><sp/><sp/><sp/><sp/><sp/><sp/><sp/><sp/></highlight><highlight class="keywordflow">if</highlight><highlight class="normal">(cs<sp/>==<sp/>POS1)<sp/>fprintf(file_p,<sp/></highlight><highlight class="stringliteral">&quot;1&quot;</highlight><highlight class="normal">);</highlight></codeline>
<codeline lineno="10"><highlight class="normal"><sp/><sp/><sp/><sp/><sp/><sp/><sp/><sp/><sp/><sp/><sp/><sp/></highlight><highlight class="keywordflow">else</highlight><highlight class="normal"><sp/></highlight><highlight class="keywordflow">if</highlight><highlight class="normal">(cs<sp/>==<sp/>POS2)<sp/>fprintf(file_p,<sp/></highlight><highlight class="stringliteral">&quot;2&quot;</highlight><highlight class="normal">);</highlight></codeline>
<codeline lineno="11"><highlight class="normal"><sp/><sp/><sp/><sp/><sp/><sp/><sp/><sp/><sp/><sp/><sp/><sp/></highlight><highlight class="keywordflow">else</highlight><highlight class="normal"><sp/></highlight><highlight class="keywordflow">if</highlight><highlight class="normal">(cs<sp/>==<sp/>RASTRO)<sp/>fprintf(file_p,<sp/></highlight><highlight class="stringliteral">&quot;#&quot;</highlight><highlight class="normal">);</highlight></codeline>
<codeline lineno="12"><highlight class="normal"><sp/><sp/><sp/><sp/><sp/><sp/><sp/><sp/><sp/><sp/><sp/><sp/></highlight><highlight class="keywordflow">else</highlight><highlight class="normal"><sp/></highlight><highlight class="keywordflow">if</highlight><highlight class="normal">(cs<sp/>==<sp/>PECA)<sp/>fprintf(file_p,<sp/></highlight><highlight class="stringliteral">&quot;*&quot;</highlight><highlight class="normal">);</highlight></codeline>
<codeline lineno="13"><highlight class="normal"><sp/><sp/><sp/><sp/><sp/><sp/><sp/><sp/><sp/><sp/><sp/><sp/></highlight><highlight class="keywordflow">else</highlight><highlight class="normal"><sp/></highlight><highlight class="keywordflow">if</highlight><highlight class="normal">(cs<sp/>==<sp/>VAZIO)<sp/>fprintf(file_p,<sp/></highlight><highlight class="stringliteral">&quot;.&quot;</highlight><highlight class="normal">);</highlight></codeline>
<codeline lineno="14"><highlight class="normal"><sp/><sp/><sp/><sp/><sp/><sp/><sp/><sp/>}</highlight></codeline>
<codeline lineno="15"><highlight class="normal"><sp/><sp/><sp/><sp/><sp/><sp/><sp/><sp/>fprintf(file_p,<sp/></highlight><highlight class="stringliteral">&quot;\n&quot;</highlight><highlight class="normal">);</highlight></codeline>
<codeline lineno="16"><highlight class="normal"><sp/><sp/><sp/><sp/>}</highlight></codeline>
<codeline lineno="17"><highlight class="normal"></highlight></codeline>
<codeline lineno="18"><highlight class="normal"><sp/><sp/><sp/><sp/>fprintf(file_p,<sp/></highlight><highlight class="stringliteral">&quot;\n&quot;</highlight><highlight class="normal">);</highlight></codeline>
<codeline lineno="19"><highlight class="normal"></highlight></codeline>
<codeline lineno="20"><highlight class="normal"><sp/><sp/><sp/><sp/></highlight><highlight class="keywordflow">for</highlight><highlight class="normal">(</highlight><highlight class="keywordtype">int</highlight><highlight class="normal"><sp/>i<sp/>=<sp/>0;<sp/>i<sp/>&lt;<sp/>(<ref refid="estado_8h_1a6cd0b387bdee9e18003c78852394aa63" kindref="member">obter_numero_de_jogadas</ref>(estado)<sp/>+<sp/>1);<sp/>i++){</highlight></codeline>
<codeline lineno="21"><highlight class="normal"><sp/><sp/><sp/><sp/><sp/><sp/><sp/><sp/><ref refid="structCOORDENADA" kindref="compound">COORDENADA</ref><sp/>jogador1<sp/>=<sp/>estado-&gt;<ref refid="structESTADO_1afae43b87a488fad0f2b56a18bad31d18" kindref="member">jogadas</ref>[i].jogador1;</highlight></codeline>
<codeline lineno="22"><highlight class="normal"><sp/><sp/><sp/><sp/><sp/><sp/><sp/><sp/><ref refid="structCOORDENADA" kindref="compound">COORDENADA</ref><sp/>jogador2<sp/>=<sp/>estado-&gt;<ref refid="structESTADO_1afae43b87a488fad0f2b56a18bad31d18" kindref="member">jogadas</ref>[i].jogador2;</highlight></codeline>
<codeline lineno="23"><highlight class="normal"></highlight></codeline>
<codeline lineno="24"><highlight class="normal"><sp/><sp/><sp/><sp/><sp/><sp/><sp/><sp/></highlight><highlight class="keywordflow">if</highlight><highlight class="normal">(jogador1.linha<sp/>!=<sp/>-1){</highlight></codeline>
<codeline lineno="25"><highlight class="normal"><sp/><sp/><sp/><sp/><sp/><sp/><sp/><sp/><sp/><sp/><sp/><sp/></highlight><highlight class="keywordflow">if</highlight><highlight class="normal">(i<sp/>&lt;<sp/>9){</highlight></codeline>
<codeline lineno="26"><highlight class="normal"><sp/><sp/><sp/><sp/><sp/><sp/><sp/><sp/><sp/><sp/><sp/><sp/><sp/><sp/><sp/><sp/>fprintf(file_p,<sp/></highlight><highlight class="stringliteral">&quot;0%d:<sp/>&quot;</highlight><highlight class="normal">,<sp/>i+1);</highlight></codeline>
<codeline lineno="27"><highlight class="normal"><sp/><sp/><sp/><sp/><sp/><sp/><sp/><sp/><sp/><sp/><sp/><sp/>}</highlight><highlight class="keywordflow">else</highlight><highlight class="normal">{</highlight></codeline>
<codeline lineno="28"><highlight class="normal"><sp/><sp/><sp/><sp/><sp/><sp/><sp/><sp/><sp/><sp/><sp/><sp/><sp/><sp/><sp/><sp/>fprintf(file_p,<sp/></highlight><highlight class="stringliteral">&quot;%d:<sp/>&quot;</highlight><highlight class="normal">,<sp/>i+1);</highlight></codeline>
<codeline lineno="29"><highlight class="normal"><sp/><sp/><sp/><sp/><sp/><sp/><sp/><sp/><sp/><sp/><sp/><sp/>}</highlight></codeline>
<codeline lineno="30"><highlight class="normal"></highlight></codeline>
<codeline lineno="31"><highlight class="normal"><sp/><sp/><sp/><sp/><sp/><sp/><sp/><sp/><sp/><sp/><sp/><sp/></highlight><highlight class="keywordtype">char</highlight><highlight class="normal"><sp/>coluna<sp/>=<sp/></highlight><highlight class="charliteral">&apos;a&apos;</highlight><highlight class="normal"><sp/>+<sp/>jogador1.coluna;</highlight></codeline>
<codeline lineno="32"><highlight class="normal"><sp/><sp/><sp/><sp/><sp/><sp/><sp/><sp/><sp/><sp/><sp/><sp/></highlight><highlight class="keywordtype">int</highlight><highlight class="normal"><sp/>linha<sp/>=<sp/>8<sp/>-<sp/>jogador1.linha;</highlight></codeline>
<codeline lineno="33"><highlight class="normal"><sp/><sp/><sp/><sp/><sp/><sp/><sp/><sp/><sp/><sp/><sp/><sp/>fprintf(file_p,<sp/></highlight><highlight class="stringliteral">&quot;%c%d<sp/>&quot;</highlight><highlight class="normal">,<sp/>coluna,<sp/>linha);</highlight></codeline>
<codeline lineno="34"><highlight class="normal"><sp/><sp/><sp/><sp/><sp/><sp/><sp/><sp/>}</highlight></codeline>
<codeline lineno="35"><highlight class="normal"><sp/><sp/><sp/><sp/><sp/><sp/><sp/><sp/></highlight><highlight class="keywordflow">if</highlight><highlight class="normal">(jogador2.linha<sp/>!=<sp/>-1){</highlight></codeline>
<codeline lineno="36"><highlight class="normal"><sp/><sp/><sp/><sp/><sp/><sp/><sp/><sp/><sp/><sp/><sp/><sp/></highlight><highlight class="keywordtype">char</highlight><highlight class="normal"><sp/>coluna<sp/>=<sp/></highlight><highlight class="charliteral">&apos;a&apos;</highlight><highlight class="normal"><sp/>+<sp/>jogador2.coluna;</highlight></codeline>
<codeline lineno="37"><highlight class="normal"><sp/><sp/><sp/><sp/><sp/><sp/><sp/><sp/><sp/><sp/><sp/><sp/></highlight><highlight class="keywordtype">int</highlight><highlight class="normal"><sp/>linha<sp/>=<sp/>8<sp/>-<sp/>jogador2.linha;</highlight></codeline>
<codeline lineno="38"><highlight class="normal"><sp/><sp/><sp/><sp/><sp/><sp/><sp/><sp/><sp/><sp/><sp/><sp/>fprintf(file_p,<sp/></highlight><highlight class="stringliteral">&quot;%c%d\n&quot;</highlight><highlight class="normal">,<sp/>coluna,<sp/>linha);</highlight></codeline>
<codeline lineno="39"><highlight class="normal"><sp/><sp/><sp/><sp/><sp/><sp/><sp/><sp/>}</highlight></codeline>
<codeline lineno="40"><highlight class="normal"><sp/><sp/><sp/><sp/>}</highlight></codeline>
<codeline lineno="41"><highlight class="normal"></highlight></codeline>
<codeline lineno="42"><highlight class="normal"><sp/><sp/><sp/><sp/>fclose(file_p);</highlight></codeline>
<codeline lineno="43"><highlight class="normal">}</highlight></codeline>
<codeline lineno="44"><highlight class="normal"></highlight></codeline>
<codeline lineno="45"><highlight class="normal"></highlight></codeline>
<codeline lineno="46" refid="file_8h_1ae6bfa898954094e9a4f4540e72ac3c81" refkind="member"><highlight class="normal"></highlight><highlight class="keywordtype">void</highlight><highlight class="normal"><sp/><ref refid="file_8h_1ae6bfa898954094e9a4f4540e72ac3c81" kindref="member">ler</ref>(</highlight><highlight class="keywordtype">char</highlight><highlight class="normal"><sp/>*file_name,<sp/><ref refid="structESTADO" kindref="compound">ESTADO</ref><sp/>*estado){</highlight></codeline>
<codeline lineno="47"><highlight class="normal">FILE<sp/>*file_p;</highlight></codeline>
<codeline lineno="48"><highlight class="normal"><sp/><sp/><sp/><sp/>file_p<sp/>=<sp/>fopen(file_name,<sp/></highlight><highlight class="stringliteral">&quot;r&quot;</highlight><highlight class="normal">);</highlight></codeline>
<codeline lineno="49"><highlight class="normal"><sp/><sp/><sp/><sp/></highlight><highlight class="keywordtype">char</highlight><highlight class="normal"><sp/>line[150];</highlight></codeline>
<codeline lineno="50"><highlight class="normal"><sp/><sp/><sp/><sp/><ref refid="data_8h_1aba91601f16d4c485b2d9b8c429f27039" kindref="member">CASA</ref><sp/>tabuleiro[8][8];</highlight></codeline>
<codeline lineno="51"><highlight class="normal"></highlight></codeline>
<codeline lineno="52"><highlight class="normal"><sp/><sp/><sp/><sp/></highlight><highlight class="keywordflow">if</highlight><highlight class="normal">(file_p<sp/>==<sp/>NULL){</highlight></codeline>
<codeline lineno="53"><highlight class="normal"><sp/><sp/><sp/><sp/><sp/><sp/><sp/><sp/>printf(</highlight><highlight class="stringliteral">&quot;Nome<sp/>de<sp/>ficheiro<sp/>invalido\n&quot;</highlight><highlight class="normal">);</highlight></codeline>
<codeline lineno="54"><highlight class="normal"><sp/><sp/><sp/><sp/><sp/><sp/><sp/><sp/></highlight><highlight class="keywordflow">return</highlight><highlight class="normal">;</highlight></codeline>
<codeline lineno="55"><highlight class="normal"><sp/><sp/><sp/><sp/>}</highlight></codeline>
<codeline lineno="56"><highlight class="normal"></highlight></codeline>
<codeline lineno="57"><highlight class="normal"><sp/><sp/><sp/><sp/><ref refid="estado_8h_1a8c15dc48cadd06ac3887d88e47fd5ed1" kindref="member">resetJogadas</ref>(estado);</highlight></codeline>
<codeline lineno="58"><highlight class="normal"><sp/><sp/><sp/><sp/>estado-&gt;<ref refid="structESTADO_1a261495728744647e618b4e623f5a4b7a" kindref="member">num_jogadas</ref><sp/>=<sp/>0;</highlight></codeline>
<codeline lineno="59"><highlight class="normal"></highlight></codeline>
<codeline lineno="60"><highlight class="normal"><sp/><sp/><sp/><sp/></highlight><highlight class="keywordtype">int</highlight><highlight class="normal"><sp/>linha<sp/>=<sp/>0;</highlight></codeline>
<codeline lineno="61"><highlight class="normal"><sp/><sp/><sp/><sp/></highlight><highlight class="keywordflow">while</highlight><highlight class="normal">(1){</highlight></codeline>
<codeline lineno="62"><highlight class="normal"><sp/><sp/><sp/><sp/><sp/><sp/><sp/><sp/></highlight><highlight class="keywordflow">for</highlight><highlight class="normal">(</highlight><highlight class="keywordtype">int</highlight><highlight class="normal"><sp/>i<sp/>=<sp/>0;<sp/>i<sp/>&lt;<sp/>150;<sp/>i++){</highlight></codeline>
<codeline lineno="63"><highlight class="normal"><sp/><sp/><sp/><sp/><sp/><sp/><sp/><sp/><sp/><sp/><sp/><sp/>line[i]<sp/>=<sp/></highlight><highlight class="charliteral">&apos;\0&apos;</highlight><highlight class="normal">;</highlight></codeline>
<codeline lineno="64"><highlight class="normal"><sp/><sp/><sp/><sp/><sp/><sp/><sp/><sp/>}</highlight></codeline>
<codeline lineno="65"><highlight class="normal"><sp/><sp/><sp/><sp/><sp/><sp/><sp/><sp/></highlight><highlight class="comment">//fgets(line,<sp/>150,<sp/>file_p);</highlight><highlight class="normal"></highlight></codeline>
<codeline lineno="66"><highlight class="normal"></highlight></codeline>
<codeline lineno="67"><highlight class="normal"><sp/><sp/><sp/><sp/><sp/><sp/><sp/><sp/></highlight><highlight class="keywordflow">if</highlight><highlight class="normal">(fgets(line,<sp/>150,<sp/>file_p)<sp/>!=<sp/>NULL){</highlight></codeline>
<codeline lineno="68"><highlight class="normal"><sp/><sp/><sp/><sp/><sp/><sp/><sp/><sp/><sp/><sp/><sp/><sp/></highlight><highlight class="keywordflow">if</highlight><highlight class="normal">(linha<sp/>&lt;<sp/>8){</highlight></codeline>
<codeline lineno="69"><highlight class="normal"><sp/><sp/><sp/><sp/><sp/><sp/><sp/><sp/><sp/><sp/><sp/><sp/><sp/><sp/><sp/><sp/></highlight><highlight class="keywordflow">for</highlight><highlight class="normal">(</highlight><highlight class="keywordtype">int</highlight><highlight class="normal"><sp/>i<sp/>=<sp/>0;<sp/>i<sp/>&lt;<sp/>8;<sp/>i++){</highlight></codeline>
<codeline lineno="70"><highlight class="normal"><sp/><sp/><sp/><sp/><sp/><sp/><sp/><sp/><sp/><sp/><sp/><sp/><sp/><sp/><sp/><sp/><sp/><sp/><sp/><sp/></highlight><highlight class="keywordflow">if</highlight><highlight class="normal">(line[i]<sp/>==<sp/></highlight><highlight class="charliteral">&apos;1&apos;</highlight><highlight class="normal">)<sp/>tabuleiro[linha][i]<sp/>=<sp/>POS1;</highlight></codeline>
<codeline lineno="71"><highlight class="normal"><sp/><sp/><sp/><sp/><sp/><sp/><sp/><sp/><sp/><sp/><sp/><sp/><sp/><sp/><sp/><sp/><sp/><sp/><sp/><sp/></highlight><highlight class="keywordflow">else</highlight><highlight class="normal"><sp/></highlight><highlight class="keywordflow">if</highlight><highlight class="normal">(line[i]<sp/>==<sp/></highlight><highlight class="charliteral">&apos;2&apos;</highlight><highlight class="normal">)<sp/>tabuleiro[linha][i]<sp/>=<sp/>POS2;</highlight></codeline>
<codeline lineno="72"><highlight class="normal"><sp/><sp/><sp/><sp/><sp/><sp/><sp/><sp/><sp/><sp/><sp/><sp/><sp/><sp/><sp/><sp/><sp/><sp/><sp/><sp/></highlight><highlight class="keywordflow">else</highlight><highlight class="normal"><sp/></highlight><highlight class="keywordflow">if</highlight><highlight class="normal">(line[i]<sp/>==<sp/></highlight><highlight class="charliteral">&apos;#&apos;</highlight><highlight class="normal">)<sp/>tabuleiro[linha][i]<sp/>=<sp/>RASTRO;</highlight></codeline>
<codeline lineno="73"><highlight class="normal"><sp/><sp/><sp/><sp/><sp/><sp/><sp/><sp/><sp/><sp/><sp/><sp/><sp/><sp/><sp/><sp/><sp/><sp/><sp/><sp/></highlight><highlight class="keywordflow">else</highlight><highlight class="normal"><sp/></highlight><highlight class="keywordflow">if</highlight><highlight class="normal">(line[i]<sp/>==<sp/></highlight><highlight class="charliteral">&apos;*&apos;</highlight><highlight class="normal">)<sp/>tabuleiro[linha][i]<sp/>=<sp/>PECA;</highlight></codeline>
<codeline lineno="74"><highlight class="normal"><sp/><sp/><sp/><sp/><sp/><sp/><sp/><sp/><sp/><sp/><sp/><sp/><sp/><sp/><sp/><sp/><sp/><sp/><sp/><sp/></highlight><highlight class="keywordflow">else</highlight><highlight class="normal"><sp/></highlight><highlight class="keywordflow">if</highlight><highlight class="normal">(line[i]<sp/>==<sp/></highlight><highlight class="charliteral">&apos;.&apos;</highlight><highlight class="normal">)<sp/>tabuleiro[linha][i]<sp/>=<sp/>VAZIO;</highlight></codeline>
<codeline lineno="75"><highlight class="normal"><sp/><sp/><sp/><sp/><sp/><sp/><sp/><sp/><sp/><sp/><sp/><sp/><sp/><sp/><sp/><sp/>}</highlight></codeline>
<codeline lineno="76"><highlight class="normal"><sp/><sp/><sp/><sp/><sp/><sp/><sp/><sp/><sp/><sp/><sp/><sp/>}</highlight><highlight class="keywordflow">else</highlight><highlight class="normal">{</highlight></codeline>
<codeline lineno="77"><highlight class="normal"><sp/><sp/><sp/><sp/><sp/><sp/><sp/><sp/><sp/><sp/><sp/><sp/><sp/><sp/><sp/><sp/></highlight><highlight class="keywordflow">if</highlight><highlight class="normal">(strcmp(line,<sp/></highlight><highlight class="stringliteral">&quot;\n&quot;</highlight><highlight class="normal">)<sp/>!=<sp/>0){</highlight></codeline>
<codeline lineno="78"><highlight class="normal"><sp/><sp/><sp/><sp/><sp/><sp/><sp/><sp/><sp/><sp/><sp/><sp/><sp/><sp/><sp/><sp/><sp/><sp/><sp/><sp/><ref refid="structCOORDENADA" kindref="compound">COORDENADA</ref><sp/>jog1_coord;</highlight></codeline>
<codeline lineno="79"><highlight class="normal"><sp/><sp/><sp/><sp/><sp/><sp/><sp/><sp/><sp/><sp/><sp/><sp/><sp/><sp/><sp/><sp/><sp/><sp/><sp/><sp/>jog1_coord.coluna<sp/>=<sp/>line[4]<sp/>-<sp/></highlight><highlight class="charliteral">&apos;a&apos;</highlight><highlight class="normal">;</highlight></codeline>
<codeline lineno="80"><highlight class="normal"><sp/><sp/><sp/><sp/><sp/><sp/><sp/><sp/><sp/><sp/><sp/><sp/><sp/><sp/><sp/><sp/><sp/><sp/><sp/><sp/>jog1_coord.linha<sp/>=<sp/>7<sp/>-<sp/>(line[5]<sp/>-<sp/></highlight><highlight class="charliteral">&apos;1&apos;</highlight><highlight class="normal">);</highlight></codeline>
<codeline lineno="81"><highlight class="normal"></highlight></codeline>
<codeline lineno="82"><highlight class="normal"><sp/><sp/><sp/><sp/><sp/><sp/><sp/><sp/><sp/><sp/><sp/><sp/><sp/><sp/><sp/><sp/><sp/><sp/><sp/><sp/></highlight><highlight class="comment">//printf(&quot;1:<sp/>%c<sp/>%c\n&quot;,<sp/>line[4],<sp/>line[5]);</highlight><highlight class="normal"></highlight></codeline>
<codeline lineno="83"><highlight class="normal"><sp/><sp/><sp/><sp/><sp/><sp/><sp/><sp/><sp/><sp/><sp/><sp/><sp/><sp/><sp/><sp/><sp/><sp/><sp/><sp/></highlight><highlight class="comment">//printf(&quot;1:<sp/>%d<sp/>%d\n&quot;,<sp/>jog1_coord.coluna,<sp/>jog1_coord.linha);</highlight><highlight class="normal"></highlight></codeline>
<codeline lineno="84"><highlight class="normal"></highlight></codeline>
<codeline lineno="85"><highlight class="normal"><sp/><sp/><sp/><sp/><sp/><sp/><sp/><sp/><sp/><sp/><sp/><sp/><sp/><sp/><sp/><sp/><sp/><sp/><sp/><sp/><ref refid="structCOORDENADA" kindref="compound">COORDENADA</ref><sp/>jog2_coord;</highlight></codeline>
<codeline lineno="86"><highlight class="normal"><sp/><sp/><sp/><sp/><sp/><sp/><sp/><sp/><sp/><sp/><sp/><sp/><sp/><sp/><sp/><sp/><sp/><sp/><sp/><sp/>jog2_coord.coluna<sp/>=<sp/>line[7]<sp/>-<sp/></highlight><highlight class="charliteral">&apos;a&apos;</highlight><highlight class="normal">;</highlight></codeline>
<codeline lineno="87"><highlight class="normal"><sp/><sp/><sp/><sp/><sp/><sp/><sp/><sp/><sp/><sp/><sp/><sp/><sp/><sp/><sp/><sp/><sp/><sp/><sp/><sp/>jog2_coord.linha<sp/>=<sp/>7<sp/>-<sp/>(line[8]<sp/>-<sp/></highlight><highlight class="charliteral">&apos;1&apos;</highlight><highlight class="normal">);</highlight></codeline>
<codeline lineno="88"><highlight class="normal"></highlight></codeline>
<codeline lineno="89"><highlight class="normal"><sp/><sp/><sp/><sp/><sp/><sp/><sp/><sp/><sp/><sp/><sp/><sp/><sp/><sp/><sp/><sp/><sp/><sp/><sp/><sp/></highlight><highlight class="comment">//printf(&quot;2:<sp/>%c<sp/>%c\n&quot;,<sp/>line[7],<sp/>line[8]);</highlight><highlight class="normal"></highlight></codeline>
<codeline lineno="90"><highlight class="normal"><sp/><sp/><sp/><sp/><sp/><sp/><sp/><sp/><sp/><sp/><sp/><sp/><sp/><sp/><sp/><sp/><sp/><sp/><sp/><sp/></highlight><highlight class="comment">//printf(&quot;2:<sp/>%d<sp/>%d\n&quot;,<sp/>jog2_coord.coluna,<sp/>jog2_coord.linha);</highlight><highlight class="normal"></highlight></codeline>
<codeline lineno="91"><highlight class="normal"></highlight></codeline>
<codeline lineno="92"><highlight class="normal"><sp/><sp/><sp/><sp/><sp/><sp/><sp/><sp/><sp/><sp/><sp/><sp/><sp/><sp/><sp/><sp/><sp/><sp/><sp/><sp/></highlight><highlight class="keywordflow">if</highlight><highlight class="normal">(0<sp/>&lt;=<sp/>jog1_coord.coluna<sp/>&amp;&amp;<sp/>jog1_coord.coluna<sp/>&lt;=<sp/>7){</highlight></codeline>
<codeline lineno="93"><highlight class="normal"><sp/><sp/><sp/><sp/><sp/><sp/><sp/><sp/><sp/><sp/><sp/><sp/><sp/><sp/><sp/><sp/><sp/><sp/><sp/><sp/><sp/><sp/><sp/><sp/>estado-&gt;<ref refid="structESTADO_1a5dd28e2e68b7aef2b6b7ea88e02eff58" kindref="member">jogador_atual</ref><sp/>=<sp/>1;</highlight></codeline>
<codeline lineno="94"><highlight class="normal"><sp/><sp/><sp/><sp/><sp/><sp/><sp/><sp/><sp/><sp/><sp/><sp/><sp/><sp/><sp/><sp/><sp/><sp/><sp/><sp/><sp/><sp/><sp/><sp/><ref refid="jogada_8h_1a4067bb2bd3a973474435b8bebcf51775" kindref="member">adicionar_jogada</ref>(estado,<sp/>jog1_coord);</highlight></codeline>
<codeline lineno="95"><highlight class="normal"><sp/><sp/><sp/><sp/><sp/><sp/><sp/><sp/><sp/><sp/><sp/><sp/><sp/><sp/><sp/><sp/><sp/><sp/><sp/><sp/><sp/><sp/><sp/><sp/>estado-&gt;<ref refid="structESTADO_1a5dd28e2e68b7aef2b6b7ea88e02eff58" kindref="member">jogador_atual</ref><sp/>=<sp/>2;</highlight></codeline>
<codeline lineno="96"><highlight class="normal"><sp/><sp/><sp/><sp/><sp/><sp/><sp/><sp/><sp/><sp/><sp/><sp/><sp/><sp/><sp/><sp/><sp/><sp/><sp/><sp/>}</highlight></codeline>
<codeline lineno="97"><highlight class="normal"></highlight></codeline>
<codeline lineno="98"><highlight class="normal"><sp/><sp/><sp/><sp/><sp/><sp/><sp/><sp/><sp/><sp/><sp/><sp/><sp/><sp/><sp/><sp/><sp/><sp/><sp/><sp/></highlight><highlight class="keywordflow">if</highlight><highlight class="normal">(0<sp/>&lt;=<sp/>jog2_coord.coluna<sp/>&amp;&amp;<sp/>jog2_coord.coluna<sp/>&lt;=<sp/>7){</highlight></codeline>
<codeline lineno="99"><highlight class="normal"><sp/><sp/><sp/><sp/><sp/><sp/><sp/><sp/><sp/><sp/><sp/><sp/><sp/><sp/><sp/><sp/><sp/><sp/><sp/><sp/><sp/><sp/><sp/><sp/>estado-&gt;<ref refid="structESTADO_1a5dd28e2e68b7aef2b6b7ea88e02eff58" kindref="member">jogador_atual</ref><sp/>=<sp/>2;</highlight></codeline>
<codeline lineno="100"><highlight class="normal"><sp/><sp/><sp/><sp/><sp/><sp/><sp/><sp/><sp/><sp/><sp/><sp/><sp/><sp/><sp/><sp/><sp/><sp/><sp/><sp/><sp/><sp/><sp/><sp/><ref refid="jogada_8h_1a4067bb2bd3a973474435b8bebcf51775" kindref="member">adicionar_jogada</ref>(estado,<sp/>jog2_coord);</highlight></codeline>
<codeline lineno="101"><highlight class="normal"><sp/><sp/><sp/><sp/><sp/><sp/><sp/><sp/><sp/><sp/><sp/><sp/><sp/><sp/><sp/><sp/><sp/><sp/><sp/><sp/><sp/><sp/><sp/><sp/>estado-&gt;<ref refid="structESTADO_1a5dd28e2e68b7aef2b6b7ea88e02eff58" kindref="member">jogador_atual</ref><sp/>=<sp/>1;</highlight></codeline>
<codeline lineno="102"><highlight class="normal"><sp/><sp/><sp/><sp/><sp/><sp/><sp/><sp/><sp/><sp/><sp/><sp/><sp/><sp/><sp/><sp/><sp/><sp/><sp/><sp/>}</highlight></codeline>
<codeline lineno="103"><highlight class="normal"><sp/><sp/><sp/><sp/><sp/><sp/><sp/><sp/><sp/><sp/><sp/><sp/><sp/><sp/><sp/><sp/>}</highlight></codeline>
<codeline lineno="104"><highlight class="normal"><sp/><sp/><sp/><sp/><sp/><sp/><sp/><sp/><sp/><sp/><sp/><sp/>}</highlight></codeline>
<codeline lineno="105"><highlight class="normal"><sp/><sp/><sp/><sp/><sp/><sp/><sp/><sp/>}</highlight></codeline>
<codeline lineno="106"><highlight class="normal"></highlight></codeline>
<codeline lineno="107"><highlight class="normal"><sp/><sp/><sp/><sp/><sp/><sp/><sp/><sp/></highlight><highlight class="keywordflow">if</highlight><highlight class="normal">(feof(file_p)){</highlight></codeline>
<codeline lineno="108"><highlight class="normal"><sp/><sp/><sp/><sp/><sp/><sp/><sp/><sp/><sp/><sp/><sp/><sp/></highlight><highlight class="keywordflow">break</highlight><highlight class="normal">;</highlight></codeline>
<codeline lineno="109"><highlight class="normal"><sp/><sp/><sp/><sp/><sp/><sp/><sp/><sp/>}</highlight></codeline>
<codeline lineno="110"><highlight class="normal"><sp/><sp/><sp/><sp/><sp/><sp/><sp/><sp/>linha++;</highlight></codeline>
<codeline lineno="111"><highlight class="normal"><sp/><sp/><sp/><sp/>}</highlight></codeline>
<codeline lineno="112"><highlight class="normal"></highlight></codeline>
<codeline lineno="113"><highlight class="normal"><sp/><sp/><sp/><sp/><ref refid="estado_8h_1ab3b8be2c1d31ca864df920d8f0df3a04" kindref="member">setTabuleiro</ref>(estado,<sp/>tabuleiro);</highlight></codeline>
<codeline lineno="114"><highlight class="normal"><sp/><sp/><sp/><sp/>estado-&gt;<ref refid="structESTADO_1a4896a5c5c1f40b43fb795623327e3f47" kindref="member">ultima_jogada</ref><sp/>=<sp/><ref refid="estado_8h_1aa21af881dfebf0f0e822b806edf9a006" kindref="member">obter_coordenada_peca</ref>(tabuleiro);</highlight></codeline>
<codeline lineno="115"><highlight class="normal"></highlight></codeline>
<codeline lineno="116"><highlight class="normal"><sp/><sp/><sp/><sp/></highlight><highlight class="comment">//<sp/>FIX<sp/>Bug<sp/>de<sp/>linha<sp/>no<sp/>ficheiro</highlight><highlight class="normal"></highlight></codeline>
<codeline lineno="117"><highlight class="normal"><sp/><sp/><sp/><sp/></highlight><highlight class="comment">/*if(obter_jogador_atual(estado)<sp/>==<sp/>1){</highlight></codeline>
<codeline lineno="118"><highlight class="comment"><sp/><sp/><sp/><sp/><sp/><sp/><sp/><sp/>COORDENADA<sp/>nula;</highlight></codeline>
<codeline lineno="119"><highlight class="comment"><sp/><sp/><sp/><sp/><sp/><sp/><sp/><sp/>nula.linha<sp/>=<sp/>-1;</highlight></codeline>
<codeline lineno="120"><highlight class="comment"><sp/><sp/><sp/><sp/><sp/><sp/><sp/><sp/>nula.coluna<sp/>=<sp/>-1;</highlight></codeline>
<codeline lineno="121"><highlight class="comment"></highlight></codeline>
<codeline lineno="122"><highlight class="comment"><sp/><sp/><sp/><sp/><sp/><sp/><sp/><sp/>estado-&gt;num_jogadas<sp/>=<sp/>estado-&gt;num_jogadas-1;</highlight></codeline>
<codeline lineno="123"><highlight class="comment"></highlight></codeline>
<codeline lineno="124"><highlight class="comment"><sp/><sp/><sp/><sp/><sp/><sp/><sp/><sp/>estado-&gt;jogadas[obter_numero_de_jogadas(estado)].jogador1<sp/>=<sp/>nula;</highlight></codeline>
<codeline lineno="125"><highlight class="comment"><sp/><sp/><sp/><sp/><sp/><sp/><sp/><sp/>estado-&gt;jogadas[obter_numero_de_jogadas(estado)].jogador2<sp/>=<sp/>nula;</highlight></codeline>
<codeline lineno="126"><highlight class="comment"><sp/><sp/><sp/><sp/>}*/</highlight></codeline>
<codeline lineno="128"><highlight class="normal"></highlight></codeline>
<codeline lineno="129"><highlight class="normal"><sp/><sp/><sp/><sp/></highlight><highlight class="comment">/*if<sp/>(obter_jogador_atual(estado)<sp/>!=<sp/>1)<sp/>{</highlight></codeline>
<codeline lineno="130"><highlight class="comment"><sp/><sp/><sp/><sp/><sp/><sp/><sp/><sp/>estado-&gt;jogador_atual<sp/>=<sp/>1;</highlight></codeline>
<codeline lineno="131"><highlight class="comment"><sp/><sp/><sp/><sp/>}<sp/>else<sp/>{</highlight></codeline>
<codeline lineno="132"><highlight class="comment"><sp/><sp/><sp/><sp/><sp/><sp/><sp/><sp/>estado-&gt;jogador_atual<sp/>=<sp/>2;</highlight></codeline>
<codeline lineno="133"><highlight class="comment"><sp/><sp/><sp/><sp/><sp/><sp/><sp/><sp/>estado-&gt;num_jogadas<sp/>=<sp/>obter_numero_de_jogadas(estado)<sp/>-<sp/>1;</highlight></codeline>
<codeline lineno="134"><highlight class="comment"><sp/><sp/><sp/><sp/>}</highlight></codeline>
<codeline lineno="135"><highlight class="comment"></highlight></codeline>
<codeline lineno="136"><highlight class="comment"><sp/><sp/><sp/><sp/>COORDENADA<sp/>nula;</highlight></codeline>
<codeline lineno="137"><highlight class="comment"><sp/><sp/><sp/><sp/>nula.linha<sp/>=<sp/>-1;</highlight></codeline>
<codeline lineno="138"><highlight class="comment"><sp/><sp/><sp/><sp/>nula.coluna<sp/>=<sp/>-1;</highlight></codeline>
<codeline lineno="139"><highlight class="comment"></highlight></codeline>
<codeline lineno="140"><highlight class="comment"><sp/><sp/><sp/><sp/>if(obter_jogador_atual(estado)<sp/>==<sp/>1){</highlight></codeline>
<codeline lineno="141"><highlight class="comment"><sp/><sp/><sp/><sp/><sp/><sp/><sp/><sp/>estado-&gt;jogadas[obter_numero_de_jogadas(estado)].jogador1<sp/>=<sp/>nula;</highlight></codeline>
<codeline lineno="142"><highlight class="comment"><sp/><sp/><sp/><sp/>}else{</highlight></codeline>
<codeline lineno="143"><highlight class="comment"><sp/><sp/><sp/><sp/><sp/><sp/><sp/><sp/>estado-&gt;jogadas[obter_numero_de_jogadas(estado)].jogador2<sp/>=<sp/>nula;</highlight></codeline>
<codeline lineno="144"><highlight class="comment"><sp/><sp/><sp/><sp/>}*/</highlight><highlight class="normal"></highlight></codeline>
<codeline lineno="145"><highlight class="normal"></highlight></codeline>
<codeline lineno="146"><highlight class="normal"><sp/><sp/><sp/><sp/><ref refid="tabuleiro_8h_1aa0b6c1689e60ac852a73d67e066c1df5" kindref="member">mostrar_tabuleiro</ref>(estado);</highlight></codeline>
<codeline lineno="147"><highlight class="normal"><sp/><sp/><sp/><sp/></highlight><highlight class="comment">//printf(&quot;\n%d<sp/>%d&quot;,<sp/>estado-&gt;ultima_jogada.coluna,<sp/>estado-&gt;ultima_jogada.linha);</highlight><highlight class="normal"></highlight></codeline>
<codeline lineno="148"><highlight class="normal"></highlight></codeline>
<codeline lineno="149"><highlight class="normal"><sp/><sp/><sp/><sp/>fclose(file_p);</highlight></codeline>
<codeline lineno="150"><highlight class="normal">}</highlight></codeline>
    </programlisting>
    <location file="file.c"/>
  </compounddef>
</doxygen>
