<?xml version='1.0' encoding='UTF-8' standalone='no'?>
<doxygen xmlns:xsi="http://www.w3.org/2001/XMLSchema-instance" xsi:noNamespaceSchemaLocation="compound.xsd" version="1.8.17">
  <compounddef id="interpretador_8h" kind="file" language="C++">
    <compoundname>interpretador.h</compoundname>
    <includes local="no">stdio.h</includes>
    <includes local="no">string.h</includes>
    <includes refid="jogada_8h" local="yes">jogada.h</includes>
    <includes refid="movs_8h" local="yes">movs.h</includes>
    <includes refid="pos_8h" local="yes">pos.h</includes>
    <includes refid="file_8h" local="yes">file.h</includes>
    <includes refid="lista_8h" local="yes">lista.h</includes>
    <includedby refid="jogada_8h" local="yes">jogada.h</includedby>
    <includedby refid="lista_8h" local="yes">lista.h</includedby>
    <includedby refid="interpretador_8c" local="yes">interpretador.c</includedby>
    <includedby refid="main_8c" local="yes">main.c</includedby>
    <incdepgraph>
      <node id="5">
        <label>estado.h</label>
        <link refid="estado_8h"/>
        <childnode refid="6" relation="include">
        </childnode>
        <childnode refid="7" relation="include">
        </childnode>
      </node>
      <node id="6">
        <label>stdlib.h</label>
      </node>
      <node id="9">
        <label>movs.h</label>
        <link refid="movs_8h_source"/>
        <childnode refid="2" relation="include">
        </childnode>
        <childnode refid="7" relation="include">
        </childnode>
      </node>
      <node id="11">
        <label>file.h</label>
        <link refid="file_8h"/>
        <childnode refid="2" relation="include">
        </childnode>
        <childnode refid="3" relation="include">
        </childnode>
        <childnode refid="7" relation="include">
        </childnode>
        <childnode refid="5" relation="include">
        </childnode>
        <childnode refid="4" relation="include">
        </childnode>
      </node>
      <node id="7">
        <label>data.h</label>
        <link refid="data_8h"/>
      </node>
      <node id="8">
        <label>tabuleiro.h</label>
        <link refid="tabuleiro_8h"/>
        <childnode refid="7" relation="include">
        </childnode>
      </node>
      <node id="10">
        <label>pos.h</label>
        <link refid="pos_8h_source"/>
        <childnode refid="2" relation="include">
        </childnode>
        <childnode refid="7" relation="include">
        </childnode>
        <childnode refid="5" relation="include">
        </childnode>
        <childnode refid="8" relation="include">
        </childnode>
      </node>
      <node id="3">
        <label>string.h</label>
      </node>
      <node id="13">
        <label>math.h</label>
      </node>
      <node id="2">
        <label>stdio.h</label>
      </node>
      <node id="12">
        <label>lista.h</label>
        <link refid="lista_8h_source"/>
        <childnode refid="2" relation="include">
        </childnode>
        <childnode refid="6" relation="include">
        </childnode>
        <childnode refid="13" relation="include">
        </childnode>
        <childnode refid="7" relation="include">
        </childnode>
        <childnode refid="1" relation="include">
        </childnode>
      </node>
      <node id="4">
        <label>jogada.h</label>
        <link refid="jogada_8h"/>
        <childnode refid="5" relation="include">
        </childnode>
        <childnode refid="1" relation="include">
        </childnode>
        <childnode refid="8" relation="include">
        </childnode>
      </node>
      <node id="1">
        <label>interpretador.h</label>
        <link refid="interpretador_8h"/>
        <childnode refid="2" relation="include">
        </childnode>
        <childnode refid="3" relation="include">
        </childnode>
        <childnode refid="4" relation="include">
        </childnode>
        <childnode refid="9" relation="include">
        </childnode>
        <childnode refid="10" relation="include">
        </childnode>
        <childnode refid="11" relation="include">
        </childnode>
        <childnode refid="12" relation="include">
        </childnode>
      </node>
    </incdepgraph>
    <invincdepgraph>
      <node id="4">
        <label>file.c</label>
        <link refid="file_8c_source"/>
      </node>
      <node id="3">
        <label>file.h</label>
        <link refid="file_8h"/>
        <childnode refid="4" relation="include">
        </childnode>
        <childnode refid="1" relation="include">
        </childnode>
      </node>
      <node id="9">
        <label>main.c</label>
        <link refid="main_8c_source"/>
      </node>
      <node id="7">
        <label>lista.c</label>
        <link refid="lista_8c_source"/>
      </node>
      <node id="5">
        <label>jogada.c</label>
        <link refid="jogada_8c_source"/>
      </node>
      <node id="6">
        <label>lista.h</label>
        <link refid="lista_8h_source"/>
        <childnode refid="1" relation="include">
        </childnode>
        <childnode refid="7" relation="include">
        </childnode>
      </node>
      <node id="2">
        <label>jogada.h</label>
        <link refid="jogada_8h"/>
        <childnode refid="3" relation="include">
        </childnode>
        <childnode refid="1" relation="include">
        </childnode>
        <childnode refid="5" relation="include">
        </childnode>
      </node>
      <node id="8">
        <label>interpretador.c</label>
        <link refid="interpretador_8c_source"/>
      </node>
      <node id="1">
        <label>interpretador.h</label>
        <link refid="interpretador_8h"/>
        <childnode refid="2" relation="include">
        </childnode>
        <childnode refid="6" relation="include">
        </childnode>
        <childnode refid="8" relation="include">
        </childnode>
        <childnode refid="9" relation="include">
        </childnode>
      </node>
    </invincdepgraph>
      <sectiondef kind="define">
      <memberdef kind="define" id="interpretador_8h_1a6821bafc3c88dfb2e433a095df9940c6" prot="public" static="no">
        <name>BUF_SIZE</name>
        <initializer>1024</initializer>
        <briefdescription>
        </briefdescription>
        <detaileddescription>
        </detaileddescription>
        <inbodydescription>
        </inbodydescription>
        <location file="interpretador.h" line="15" column="16" bodyfile="interpretador.h" bodystart="15" bodyend="-1"/>
      </memberdef>
      </sectiondef>
      <sectiondef kind="var">
      <memberdef kind="variable" id="interpretador_8h_1a2896431d6a80cd39b3d24b40237612ee" prot="public" static="no" mutable="no">
        <type>int</type>
        <definition>int quit</definition>
        <argsstring></argsstring>
        <name>quit</name>
        <briefdescription>
        </briefdescription>
        <detaileddescription>
        </detaileddescription>
        <inbodydescription>
        </inbodydescription>
        <location file="interpretador.h" line="17" column="5" bodyfile="interpretador.h" bodystart="17" bodyend="-1"/>
      </memberdef>
      </sectiondef>
      <sectiondef kind="func">
      <memberdef kind="function" id="interpretador_8h_1a24da95ebeede4a540e37790ce8be359b" prot="public" static="no" const="no" explicit="no" inline="no" virt="non-virtual">
        <type>int</type>
        <definition>int interpretador</definition>
        <argsstring>(ESTADO *e)</argsstring>
        <name>interpretador</name>
        <param>
          <type><ref refid="structESTADO" kindref="compound">ESTADO</ref> *</type>
          <declname>e</declname>
        </param>
        <briefdescription>
<para>Esta função interpreta o comando a executar e chamar a função correspondente do interface ou da lógica do programa. </para>
        </briefdescription>
        <detaileddescription>
<para><parameterlist kind="param"><parameteritem>
<parameternamelist>
<parametername>e</parametername>
</parameternamelist>
<parameterdescription>
<para>estado atual </para>
</parameterdescription>
</parameteritem>
</parameterlist>
<simplesect kind="return"><para>Retorna -1 para sair do programa, 0 nao acontece nada, 1 jogar, 2 gr, 3 ler, 4 movs, 5 pos </para>
</simplesect>
</para>
        </detaileddescription>
        <inbodydescription>
        </inbodydescription>
        <location file="interpretador.h" line="24" column="5" bodyfile="interpretador.c" bodystart="6" bodyend="65" declfile="interpretador.h" declline="24" declcolumn="5"/>
      </memberdef>
      </sectiondef>
    <briefdescription>
    </briefdescription>
    <detaileddescription>
<para>Definição do interpretador e das suas funções </para>
    </detaileddescription>
    <programlisting>
<codeline lineno="1"></codeline>
<codeline lineno="5"><highlight class="preprocessor">#ifndef<sp/>SRC_INTERPRETADOR_H</highlight><highlight class="normal"></highlight></codeline>
<codeline lineno="6"><highlight class="normal"></highlight><highlight class="preprocessor">#define<sp/>SRC_INTERPRETADOR_H</highlight><highlight class="normal"></highlight></codeline>
<codeline lineno="7"><highlight class="normal"></highlight></codeline>
<codeline lineno="8"><highlight class="normal"></highlight><highlight class="preprocessor">#include<sp/>&lt;stdio.h&gt;</highlight><highlight class="normal"></highlight></codeline>
<codeline lineno="9"><highlight class="normal"></highlight><highlight class="preprocessor">#include<sp/>&lt;string.h&gt;</highlight><highlight class="normal"></highlight></codeline>
<codeline lineno="10"><highlight class="normal"></highlight><highlight class="preprocessor">#include<sp/>&quot;<ref refid="jogada_8h" kindref="compound">jogada.h</ref>&quot;</highlight><highlight class="normal"></highlight></codeline>
<codeline lineno="11"><highlight class="normal"></highlight><highlight class="preprocessor">#include<sp/>&quot;movs.h&quot;</highlight><highlight class="normal"></highlight></codeline>
<codeline lineno="12"><highlight class="normal"></highlight><highlight class="preprocessor">#include<sp/>&quot;pos.h&quot;</highlight><highlight class="normal"></highlight></codeline>
<codeline lineno="13"><highlight class="normal"></highlight><highlight class="preprocessor">#include<sp/>&quot;<ref refid="file_8h" kindref="compound">file.h</ref>&quot;</highlight><highlight class="normal"></highlight></codeline>
<codeline lineno="14"><highlight class="normal"></highlight><highlight class="preprocessor">#include<sp/>&quot;lista.h&quot;</highlight><highlight class="normal"></highlight></codeline>
<codeline lineno="15"><highlight class="normal"></highlight><highlight class="preprocessor">#define<sp/>BUF_SIZE<sp/>1024</highlight><highlight class="normal"></highlight></codeline>
<codeline lineno="16"><highlight class="normal"></highlight></codeline>
<codeline lineno="17"><highlight class="normal"></highlight><highlight class="keywordtype">int</highlight><highlight class="normal"><sp/>quit;</highlight></codeline>
<codeline lineno="18"><highlight class="normal"></highlight></codeline>
<codeline lineno="24"><highlight class="keywordtype">int</highlight><highlight class="normal"><sp/><ref refid="interpretador_8h_1a24da95ebeede4a540e37790ce8be359b" kindref="member">interpretador</ref>(<ref refid="structESTADO" kindref="compound">ESTADO</ref><sp/>*e);</highlight></codeline>
<codeline lineno="25"><highlight class="normal"></highlight></codeline>
<codeline lineno="26"><highlight class="normal"></highlight><highlight class="preprocessor">#endif<sp/>//SRC_INTERPRETADOR_H</highlight></codeline>
    </programlisting>
    <location file="interpretador.h"/>
  </compounddef>
</doxygen>
