<?xml version='1.0' encoding='UTF-8' standalone='no'?>
<doxygen xmlns:xsi="http://www.w3.org/2001/XMLSchema-instance" xsi:noNamespaceSchemaLocation="compound.xsd" version="1.8.17">
  <compounddef id="interpretador_8c" kind="file" language="C++">
    <compoundname>interpretador.c</compoundname>
    <includes refid="interpretador_8h" local="yes">interpretador.h</includes>
    <incdepgraph>
      <node id="6">
        <label>estado.h</label>
        <link refid="estado_8h"/>
        <childnode refid="7" relation="include">
        </childnode>
        <childnode refid="8" relation="include">
        </childnode>
      </node>
      <node id="7">
        <label>stdlib.h</label>
      </node>
      <node id="10">
        <label>movs.h</label>
        <link refid="movs_8h_source"/>
        <childnode refid="3" relation="include">
        </childnode>
        <childnode refid="8" relation="include">
        </childnode>
      </node>
      <node id="12">
        <label>file.h</label>
        <link refid="file_8h"/>
        <childnode refid="3" relation="include">
        </childnode>
        <childnode refid="4" relation="include">
        </childnode>
        <childnode refid="8" relation="include">
        </childnode>
        <childnode refid="6" relation="include">
        </childnode>
        <childnode refid="5" relation="include">
        </childnode>
      </node>
      <node id="8">
        <label>data.h</label>
        <link refid="data_8h"/>
      </node>
      <node id="9">
        <label>tabuleiro.h</label>
        <link refid="tabuleiro_8h"/>
        <childnode refid="8" relation="include">
        </childnode>
      </node>
      <node id="11">
        <label>pos.h</label>
        <link refid="pos_8h_source"/>
        <childnode refid="3" relation="include">
        </childnode>
        <childnode refid="8" relation="include">
        </childnode>
        <childnode refid="6" relation="include">
        </childnode>
        <childnode refid="9" relation="include">
        </childnode>
      </node>
      <node id="4">
        <label>string.h</label>
      </node>
      <node id="14">
        <label>math.h</label>
      </node>
      <node id="3">
        <label>stdio.h</label>
      </node>
      <node id="13">
        <label>lista.h</label>
        <link refid="lista_8h_source"/>
        <childnode refid="3" relation="include">
        </childnode>
        <childnode refid="7" relation="include">
        </childnode>
        <childnode refid="14" relation="include">
        </childnode>
        <childnode refid="8" relation="include">
        </childnode>
        <childnode refid="2" relation="include">
        </childnode>
      </node>
      <node id="5">
        <label>jogada.h</label>
        <link refid="jogada_8h"/>
        <childnode refid="6" relation="include">
        </childnode>
        <childnode refid="2" relation="include">
        </childnode>
        <childnode refid="9" relation="include">
        </childnode>
      </node>
      <node id="1">
        <label>interpretador.c</label>
        <link refid="interpretador_8c"/>
        <childnode refid="2" relation="include">
        </childnode>
      </node>
      <node id="2">
        <label>interpretador.h</label>
        <link refid="interpretador_8h"/>
        <childnode refid="3" relation="include">
        </childnode>
        <childnode refid="4" relation="include">
        </childnode>
        <childnode refid="5" relation="include">
        </childnode>
        <childnode refid="10" relation="include">
        </childnode>
        <childnode refid="11" relation="include">
        </childnode>
        <childnode refid="12" relation="include">
        </childnode>
        <childnode refid="13" relation="include">
        </childnode>
      </node>
    </incdepgraph>
      <sectiondef kind="var">
      <memberdef kind="variable" id="interpretador_8c_1a2896431d6a80cd39b3d24b40237612ee" prot="public" static="no" mutable="no">
        <type>int</type>
        <definition>int quit</definition>
        <argsstring></argsstring>
        <name>quit</name>
        <initializer>= 0</initializer>
        <briefdescription>
        </briefdescription>
        <detaileddescription>
        </detaileddescription>
        <inbodydescription>
        </inbodydescription>
        <location file="interpretador.c" line="3" column="5" bodyfile="interpretador.c" bodystart="3" bodyend="-1"/>
      </memberdef>
      <memberdef kind="variable" id="interpretador_8c_1a87f17ec76699656b03c59b9240fa2759" prot="public" static="no" mutable="no">
        <type>int</type>
        <definition>int comandos</definition>
        <argsstring></argsstring>
        <name>comandos</name>
        <initializer>= 0</initializer>
        <briefdescription>
        </briefdescription>
        <detaileddescription>
        </detaileddescription>
        <inbodydescription>
        </inbodydescription>
        <location file="interpretador.c" line="4" column="5" bodyfile="interpretador.c" bodystart="4" bodyend="-1"/>
      </memberdef>
      </sectiondef>
      <sectiondef kind="func">
      <memberdef kind="function" id="interpretador_8c_1a24da95ebeede4a540e37790ce8be359b" prot="public" static="no" const="no" explicit="no" inline="no" virt="non-virtual">
        <type>int</type>
        <definition>int interpretador</definition>
        <argsstring>(ESTADO *e)</argsstring>
        <name>interpretador</name>
        <param>
          <type><ref refid="structESTADO" kindref="compound">ESTADO</ref> *</type>
          <declname>e</declname>
        </param>
        <briefdescription>
<para>Esta função interpreta o comando a executar e chamar a função correspondente do interface ou da lógica do programa. </para>
        </briefdescription>
        <detaileddescription>
<para><parameterlist kind="param"><parameteritem>
<parameternamelist>
<parametername>e</parametername>
</parameternamelist>
<parameterdescription>
<para>estado atual </para>
</parameterdescription>
</parameteritem>
</parameterlist>
<simplesect kind="return"><para>Retorna -1 para sair do programa, 0 nao acontece nada, 1 jogar, 2 gr, 3 ler, 4 movs, 5 pos </para>
</simplesect>
</para>
        </detaileddescription>
        <inbodydescription>
        </inbodydescription>
        <location file="interpretador.c" line="6" column="5" bodyfile="interpretador.c" bodystart="6" bodyend="65"/>
      </memberdef>
      </sectiondef>
    <briefdescription>
    </briefdescription>
    <detaileddescription>
    </detaileddescription>
    <programlisting>
<codeline lineno="1"><highlight class="preprocessor">#include<sp/>&quot;<ref refid="interpretador_8h" kindref="compound">interpretador.h</ref>&quot;</highlight><highlight class="normal"></highlight></codeline>
<codeline lineno="2"><highlight class="normal"></highlight></codeline>
<codeline lineno="3"><highlight class="normal"></highlight><highlight class="keywordtype">int</highlight><highlight class="normal"><sp/>quit<sp/>=<sp/>0;</highlight></codeline>
<codeline lineno="4"><highlight class="normal"></highlight><highlight class="keywordtype">int</highlight><highlight class="normal"><sp/>comandos<sp/>=<sp/>0;</highlight></codeline>
<codeline lineno="5"><highlight class="normal"></highlight></codeline>
<codeline lineno="6" refid="interpretador_8h_1a24da95ebeede4a540e37790ce8be359b" refkind="member"><highlight class="normal"></highlight><highlight class="keywordtype">int</highlight><highlight class="normal"><sp/><ref refid="interpretador_8h_1a24da95ebeede4a540e37790ce8be359b" kindref="member">interpretador</ref>(<ref refid="structESTADO" kindref="compound">ESTADO</ref><sp/>*e)<sp/>{</highlight></codeline>
<codeline lineno="7"><highlight class="normal"><sp/><sp/><sp/><sp/></highlight><highlight class="keywordtype">char</highlight><highlight class="normal"><sp/>linha[BUF_SIZE];</highlight></codeline>
<codeline lineno="8"><highlight class="normal"><sp/><sp/><sp/><sp/></highlight><highlight class="keywordtype">char</highlight><highlight class="normal"><sp/>col[2],<sp/>lin[2];</highlight></codeline>
<codeline lineno="9"><highlight class="normal"><sp/><sp/><sp/><sp/></highlight><highlight class="keywordtype">char</highlight><highlight class="normal"><sp/>file[16];</highlight></codeline>
<codeline lineno="10"><highlight class="normal"><sp/><sp/><sp/><sp/></highlight><highlight class="keywordtype">int</highlight><highlight class="normal"><sp/>p;</highlight></codeline>
<codeline lineno="11"><highlight class="normal"></highlight></codeline>
<codeline lineno="12"><highlight class="normal"><sp/><sp/><sp/><sp/>printf(</highlight><highlight class="stringliteral">&quot;%d<sp/>PL%d<sp/>(%d)&gt;&quot;</highlight><highlight class="normal">,<sp/>comandos,<sp/><ref refid="estado_8h_1ad6e326e4ffa57ca1ae0c75377ecefc8c" kindref="member">obter_jogador_atual</ref>(e),<sp/><ref refid="estado_8h_1a6cd0b387bdee9e18003c78852394aa63" kindref="member">obter_numero_de_jogadas</ref>(e)<sp/>+<sp/>1);</highlight></codeline>
<codeline lineno="13"><highlight class="normal"></highlight></codeline>
<codeline lineno="14"><highlight class="normal"><sp/><sp/><sp/><sp/></highlight><highlight class="keywordflow">if</highlight><highlight class="normal">(fgets(linha,<sp/>BUF_SIZE,<sp/>stdin)<sp/>==<sp/>NULL)</highlight></codeline>
<codeline lineno="15"><highlight class="normal"><sp/><sp/><sp/><sp/><sp/><sp/><sp/><sp/></highlight><highlight class="keywordflow">return</highlight><highlight class="normal"><sp/>0;</highlight></codeline>
<codeline lineno="16"><highlight class="normal"></highlight></codeline>
<codeline lineno="17"><highlight class="normal"><sp/><sp/><sp/><sp/>comandos++;</highlight></codeline>
<codeline lineno="18"><highlight class="normal"></highlight></codeline>
<codeline lineno="19"><highlight class="normal"><sp/><sp/><sp/><sp/></highlight><highlight class="keywordflow">if</highlight><highlight class="normal">(strlen(linha)<sp/>==<sp/>2<sp/>&amp;&amp;<sp/>strcmp(linha,</highlight><highlight class="stringliteral">&quot;Q\n&quot;</highlight><highlight class="normal">)<sp/>==<sp/>0){</highlight></codeline>
<codeline lineno="20"><highlight class="normal"><sp/><sp/><sp/><sp/><sp/><sp/><sp/><sp/>quit<sp/>=<sp/>1;</highlight></codeline>
<codeline lineno="21"><highlight class="normal"><sp/><sp/><sp/><sp/><sp/><sp/><sp/><sp/></highlight><highlight class="keywordflow">return</highlight><highlight class="normal"><sp/>-1;</highlight></codeline>
<codeline lineno="22"><highlight class="normal"><sp/><sp/><sp/><sp/>}</highlight></codeline>
<codeline lineno="23"><highlight class="normal"></highlight></codeline>
<codeline lineno="24"><highlight class="normal"><sp/><sp/><sp/><sp/></highlight><highlight class="keywordflow">if</highlight><highlight class="normal">(sscanf(linha,<sp/></highlight><highlight class="stringliteral">&quot;gr<sp/>%s&quot;</highlight><highlight class="normal">,<sp/>file)){</highlight></codeline>
<codeline lineno="25"><highlight class="normal"><sp/><sp/><sp/><sp/><sp/><sp/><sp/><sp/><ref refid="file_8h_1a88be94d179abd5073870fc1d206b3770" kindref="member">gr</ref>(file,<sp/>e);</highlight></codeline>
<codeline lineno="26"><highlight class="normal"><sp/><sp/><sp/><sp/><sp/><sp/><sp/><sp/></highlight><highlight class="keywordflow">return</highlight><highlight class="normal"><sp/>2;</highlight></codeline>
<codeline lineno="27"><highlight class="normal"><sp/><sp/><sp/><sp/>}</highlight></codeline>
<codeline lineno="28"><highlight class="normal"></highlight></codeline>
<codeline lineno="29"><highlight class="normal"><sp/><sp/><sp/><sp/></highlight><highlight class="keywordflow">if</highlight><highlight class="normal">(sscanf(linha,<sp/></highlight><highlight class="stringliteral">&quot;ler<sp/>%s&quot;</highlight><highlight class="normal">,<sp/>file))<sp/>{</highlight></codeline>
<codeline lineno="30"><highlight class="normal"><sp/><sp/><sp/><sp/><sp/><sp/><sp/><sp/><ref refid="file_8h_1ae6bfa898954094e9a4f4540e72ac3c81" kindref="member">ler</ref>(file,<sp/>e);</highlight></codeline>
<codeline lineno="31"><highlight class="normal"><sp/><sp/><sp/><sp/><sp/><sp/><sp/><sp/></highlight><highlight class="keywordflow">return</highlight><highlight class="normal"><sp/>3;</highlight></codeline>
<codeline lineno="32"><highlight class="normal"><sp/><sp/><sp/><sp/>}</highlight></codeline>
<codeline lineno="33"><highlight class="normal"></highlight></codeline>
<codeline lineno="34"><highlight class="normal"><sp/><sp/><sp/><sp/></highlight><highlight class="keywordflow">if</highlight><highlight class="normal">(strlen(linha)<sp/>==<sp/>5<sp/>&amp;&amp;<sp/>strcmp(linha,</highlight><highlight class="stringliteral">&quot;movs\n&quot;</highlight><highlight class="normal">)<sp/>==<sp/>0){</highlight></codeline>
<codeline lineno="35"><highlight class="normal"><sp/><sp/><sp/><sp/><sp/><sp/><sp/><sp/>movs(e);</highlight></codeline>
<codeline lineno="36"><highlight class="normal"><sp/><sp/><sp/><sp/><sp/><sp/><sp/><sp/></highlight><highlight class="keywordflow">return</highlight><highlight class="normal"><sp/>4;</highlight></codeline>
<codeline lineno="37"><highlight class="normal"><sp/><sp/><sp/><sp/>}</highlight></codeline>
<codeline lineno="38"><highlight class="normal"></highlight></codeline>
<codeline lineno="39"><highlight class="normal"><sp/><sp/><sp/><sp/></highlight><highlight class="keywordflow">if</highlight><highlight class="normal">((strlen(linha)<sp/>==<sp/>6<sp/>||<sp/>strlen(linha)<sp/>==<sp/>7)</highlight></codeline>
<codeline lineno="40"><highlight class="normal"><sp/><sp/><sp/><sp/>&amp;&amp;<sp/>strstr(linha,<sp/></highlight><highlight class="stringliteral">&quot;pos&quot;</highlight><highlight class="normal">)){</highlight></codeline>
<codeline lineno="41"><highlight class="normal"><sp/><sp/><sp/><sp/><sp/><sp/><sp/><sp/>p<sp/>=<sp/>atoi(&amp;linha[4]);</highlight></codeline>
<codeline lineno="42"><highlight class="normal"><sp/><sp/><sp/><sp/><sp/><sp/><sp/><sp/>pos(e,<sp/>p);</highlight></codeline>
<codeline lineno="43"><highlight class="normal"><sp/><sp/><sp/><sp/><sp/><sp/><sp/><sp/></highlight><highlight class="keywordflow">return</highlight><highlight class="normal"><sp/>5;</highlight></codeline>
<codeline lineno="44"><highlight class="normal"><sp/><sp/><sp/><sp/>}</highlight></codeline>
<codeline lineno="45"><highlight class="normal"></highlight></codeline>
<codeline lineno="46"><highlight class="normal"><sp/><sp/><sp/><sp/></highlight><highlight class="keywordflow">if</highlight><highlight class="normal">(strlen(linha)<sp/>==<sp/>4<sp/>&amp;&amp;<sp/>strcmp(linha,</highlight><highlight class="stringliteral">&quot;jog\n&quot;</highlight><highlight class="normal">)<sp/>==<sp/>0){</highlight></codeline>
<codeline lineno="47"><highlight class="normal"><sp/><sp/><sp/><sp/><sp/><sp/><sp/><sp/>jog(e);</highlight></codeline>
<codeline lineno="48"><highlight class="normal"><sp/><sp/><sp/><sp/><sp/><sp/><sp/><sp/></highlight><highlight class="keywordflow">return</highlight><highlight class="normal"><sp/>6;</highlight></codeline>
<codeline lineno="49"><highlight class="normal"><sp/><sp/><sp/><sp/>}</highlight></codeline>
<codeline lineno="50"><highlight class="normal"></highlight></codeline>
<codeline lineno="51"><highlight class="normal"><sp/><sp/><sp/><sp/></highlight><highlight class="keywordflow">if</highlight><highlight class="normal">(strlen(linha)<sp/>==<sp/>5<sp/>&amp;&amp;<sp/>strcmp(linha,</highlight><highlight class="stringliteral">&quot;jog2\n&quot;</highlight><highlight class="normal">)<sp/>==<sp/>0){</highlight></codeline>
<codeline lineno="52"><highlight class="normal"><sp/><sp/><sp/><sp/><sp/><sp/><sp/><sp/>jog2(e);</highlight></codeline>
<codeline lineno="53"><highlight class="normal"><sp/><sp/><sp/><sp/><sp/><sp/><sp/><sp/></highlight><highlight class="keywordflow">return</highlight><highlight class="normal"><sp/>7;</highlight></codeline>
<codeline lineno="54"><highlight class="normal"><sp/><sp/><sp/><sp/>}</highlight></codeline>
<codeline lineno="55"><highlight class="normal"></highlight></codeline>
<codeline lineno="56"><highlight class="normal"><sp/><sp/><sp/><sp/></highlight><highlight class="keywordflow">if</highlight><highlight class="normal">(strlen(linha)<sp/>==<sp/>3<sp/>&amp;&amp;<sp/>sscanf(linha,<sp/></highlight><highlight class="stringliteral">&quot;%[a-h]%[1-8]&quot;</highlight><highlight class="normal">,<sp/>col,<sp/>lin)<sp/>==<sp/>2){</highlight></codeline>
<codeline lineno="57"><highlight class="normal"><sp/><sp/><sp/><sp/><sp/><sp/><sp/><sp/><ref refid="structCOORDENADA" kindref="compound">COORDENADA</ref><sp/>coord<sp/>=<sp/>{*col<sp/>-<sp/></highlight><highlight class="charliteral">&apos;a&apos;</highlight><highlight class="normal">,<sp/>*lin<sp/>-<sp/></highlight><highlight class="charliteral">&apos;1&apos;</highlight><highlight class="normal">};</highlight></codeline>
<codeline lineno="58"><highlight class="normal"><sp/><sp/><sp/><sp/><sp/><sp/><sp/><sp/>coord.linha<sp/>=<sp/>7-coord.linha;</highlight></codeline>
<codeline lineno="59"><highlight class="normal"><sp/><sp/><sp/><sp/><sp/><sp/><sp/><sp/><ref refid="jogada_8h_1aedac94896fa0c978db67ffa48463b731" kindref="member">jogar</ref>(e,<sp/>coord);</highlight></codeline>
<codeline lineno="60"><highlight class="normal"><sp/><sp/><sp/><sp/><sp/><sp/><sp/><sp/></highlight><highlight class="keywordflow">return</highlight><highlight class="normal"><sp/>1;</highlight></codeline>
<codeline lineno="61"><highlight class="normal"><sp/><sp/><sp/><sp/>}</highlight></codeline>
<codeline lineno="62"><highlight class="normal"></highlight></codeline>
<codeline lineno="63"><highlight class="normal"><sp/><sp/><sp/><sp/>printf(</highlight><highlight class="stringliteral">&quot;Comando<sp/>invalido.\n&quot;</highlight><highlight class="normal">);</highlight></codeline>
<codeline lineno="64"><highlight class="normal"><sp/><sp/><sp/><sp/></highlight><highlight class="keywordflow">return</highlight><highlight class="normal"><sp/>0;</highlight></codeline>
<codeline lineno="65"><highlight class="normal">}</highlight></codeline>
    </programlisting>
    <location file="interpretador.c"/>
  </compounddef>
</doxygen>
