<?xml version='1.0' encoding='UTF-8' standalone='no'?>
<doxygen xmlns:xsi="http://www.w3.org/2001/XMLSchema-instance" xsi:noNamespaceSchemaLocation="compound.xsd" version="1.8.17">
  <compounddef id="jogada_8c" kind="file" language="C++">
    <compoundname>jogada.c</compoundname>
    <includes refid="jogada_8h" local="yes">jogada.h</includes>
    <incdepgraph>
      <node id="3">
        <label>estado.h</label>
        <link refid="estado_8h"/>
        <childnode refid="4" relation="include">
        </childnode>
        <childnode refid="5" relation="include">
        </childnode>
      </node>
      <node id="4">
        <label>stdlib.h</label>
      </node>
      <node id="9">
        <label>movs.h</label>
        <link refid="movs_8h_source"/>
        <childnode refid="7" relation="include">
        </childnode>
        <childnode refid="5" relation="include">
        </childnode>
      </node>
      <node id="12">
        <label>file.h</label>
        <link refid="file_8h"/>
        <childnode refid="7" relation="include">
        </childnode>
        <childnode refid="8" relation="include">
        </childnode>
        <childnode refid="5" relation="include">
        </childnode>
        <childnode refid="3" relation="include">
        </childnode>
        <childnode refid="2" relation="include">
        </childnode>
      </node>
      <node id="5">
        <label>data.h</label>
        <link refid="data_8h"/>
      </node>
      <node id="11">
        <label>tabuleiro.h</label>
        <link refid="tabuleiro_8h"/>
        <childnode refid="5" relation="include">
        </childnode>
      </node>
      <node id="10">
        <label>pos.h</label>
        <link refid="pos_8h_source"/>
        <childnode refid="7" relation="include">
        </childnode>
        <childnode refid="5" relation="include">
        </childnode>
        <childnode refid="3" relation="include">
        </childnode>
        <childnode refid="11" relation="include">
        </childnode>
      </node>
      <node id="8">
        <label>string.h</label>
      </node>
      <node id="14">
        <label>math.h</label>
      </node>
      <node id="7">
        <label>stdio.h</label>
      </node>
      <node id="1">
        <label>jogada.c</label>
        <link refid="jogada_8c"/>
        <childnode refid="2" relation="include">
        </childnode>
      </node>
      <node id="13">
        <label>lista.h</label>
        <link refid="lista_8h_source"/>
        <childnode refid="7" relation="include">
        </childnode>
        <childnode refid="4" relation="include">
        </childnode>
        <childnode refid="14" relation="include">
        </childnode>
        <childnode refid="5" relation="include">
        </childnode>
        <childnode refid="6" relation="include">
        </childnode>
      </node>
      <node id="2">
        <label>jogada.h</label>
        <link refid="jogada_8h"/>
        <childnode refid="3" relation="include">
        </childnode>
        <childnode refid="6" relation="include">
        </childnode>
        <childnode refid="11" relation="include">
        </childnode>
      </node>
      <node id="6">
        <label>interpretador.h</label>
        <link refid="interpretador_8h"/>
        <childnode refid="7" relation="include">
        </childnode>
        <childnode refid="8" relation="include">
        </childnode>
        <childnode refid="2" relation="include">
        </childnode>
        <childnode refid="9" relation="include">
        </childnode>
        <childnode refid="10" relation="include">
        </childnode>
        <childnode refid="12" relation="include">
        </childnode>
        <childnode refid="13" relation="include">
        </childnode>
      </node>
    </incdepgraph>
      <sectiondef kind="func">
      <memberdef kind="function" id="jogada_8c_1aedac94896fa0c978db67ffa48463b731" prot="public" static="no" const="no" explicit="no" inline="no" virt="non-virtual">
        <type>int</type>
        <definition>int jogar</definition>
        <argsstring>(ESTADO *estado, COORDENADA coord)</argsstring>
        <name>jogar</name>
        <param>
          <type><ref refid="structESTADO" kindref="compound">ESTADO</ref> *</type>
          <declname>estado</declname>
        </param>
        <param>
          <type><ref refid="structCOORDENADA" kindref="compound">COORDENADA</ref></type>
          <declname>coord</declname>
        </param>
        <briefdescription>
<para>Efetua uma jogada. </para>
        </briefdescription>
        <detaileddescription>
<para><parameterlist kind="param"><parameteritem>
<parameternamelist>
<parametername>estado</parametername>
</parameternamelist>
<parameterdescription>
<para>Apontador para o estado </para>
</parameterdescription>
</parameteritem>
<parameteritem>
<parameternamelist>
<parametername>coord</parametername>
</parameternamelist>
<parameterdescription>
<para>A coordenada </para>
</parameterdescription>
</parameteritem>
</parameterlist>
<simplesect kind="return"><para>1 se a jogada for válida, 0 caso contrário </para>
</simplesect>
</para>
        </detaileddescription>
        <inbodydescription>
        </inbodydescription>
        <location file="jogada.c" line="3" column="5" bodyfile="jogada.c" bodystart="3" bodyend="33"/>
      </memberdef>
      <memberdef kind="function" id="jogada_8c_1ad38b311e5dd671c323311b069aab168f" prot="public" static="no" const="no" explicit="no" inline="no" virt="non-virtual">
        <type>int</type>
        <definition>int jogada_valida</definition>
        <argsstring>(ESTADO *estado, COORDENADA coord)</argsstring>
        <name>jogada_valida</name>
        <param>
          <type><ref refid="structESTADO" kindref="compound">ESTADO</ref> *</type>
          <declname>estado</declname>
        </param>
        <param>
          <type><ref refid="structCOORDENADA" kindref="compound">COORDENADA</ref></type>
          <declname>coord</declname>
        </param>
        <briefdescription>
<para>Verifica se a jogada é válida. </para>
        </briefdescription>
        <detaileddescription>
<para><parameterlist kind="param"><parameteritem>
<parameternamelist>
<parametername>estado</parametername>
</parameternamelist>
<parameterdescription>
<para>Apontador para o estado </para>
</parameterdescription>
</parameteritem>
<parameteritem>
<parameternamelist>
<parametername>coord</parametername>
</parameternamelist>
<parameterdescription>
<para>A coordenada </para>
</parameterdescription>
</parameteritem>
</parameterlist>
<simplesect kind="return"><para>1 se o jogador ganha, 2 se o jogador 2 ganha, 3 se se move para uma casa vazia e 0 se a jogada não é válida </para>
</simplesect>
</para>
        </detaileddescription>
        <inbodydescription>
        </inbodydescription>
        <location file="jogada.c" line="35" column="5" bodyfile="jogada.c" bodystart="35" bodyend="80"/>
      </memberdef>
      <memberdef kind="function" id="jogada_8c_1a4067bb2bd3a973474435b8bebcf51775" prot="public" static="no" const="no" explicit="no" inline="no" virt="non-virtual">
        <type>void</type>
        <definition>void adicionar_jogada</definition>
        <argsstring>(ESTADO *estado, COORDENADA coord)</argsstring>
        <name>adicionar_jogada</name>
        <param>
          <type><ref refid="structESTADO" kindref="compound">ESTADO</ref> *</type>
          <declname>estado</declname>
        </param>
        <param>
          <type><ref refid="structCOORDENADA" kindref="compound">COORDENADA</ref></type>
          <declname>coord</declname>
        </param>
        <briefdescription>
<para>Adicionar jogadas ao array de jogadas. </para>
        </briefdescription>
        <detaileddescription>
<para><parameterlist kind="param"><parameteritem>
<parameternamelist>
<parametername>estado</parametername>
</parameternamelist>
<parameterdescription>
<para>Apontador para o estado </para>
</parameterdescription>
</parameteritem>
<parameteritem>
<parameternamelist>
<parametername>coord</parametername>
</parameternamelist>
<parameterdescription>
<para>A coordenada </para>
</parameterdescription>
</parameteritem>
</parameterlist>
</para>
        </detaileddescription>
        <inbodydescription>
        </inbodydescription>
        <location file="jogada.c" line="82" column="6" bodyfile="jogada.c" bodystart="82" bodyend="99"/>
      </memberdef>
      </sectiondef>
    <briefdescription>
    </briefdescription>
    <detaileddescription>
    </detaileddescription>
    <programlisting>
<codeline lineno="1"><highlight class="preprocessor">#include<sp/>&quot;<ref refid="jogada_8h" kindref="compound">jogada.h</ref>&quot;</highlight><highlight class="normal"></highlight></codeline>
<codeline lineno="2"><highlight class="normal"></highlight></codeline>
<codeline lineno="3" refid="jogada_8h_1aedac94896fa0c978db67ffa48463b731" refkind="member"><highlight class="normal"></highlight><highlight class="keywordtype">int</highlight><highlight class="normal"><sp/><ref refid="jogada_8h_1aedac94896fa0c978db67ffa48463b731" kindref="member">jogar</ref>(<ref refid="structESTADO" kindref="compound">ESTADO</ref><sp/>*estado,<sp/><ref refid="structCOORDENADA" kindref="compound">COORDENADA</ref><sp/>coord){</highlight></codeline>
<codeline lineno="4"><highlight class="normal"></highlight></codeline>
<codeline lineno="5"><highlight class="normal"><sp/><sp/><sp/><sp/></highlight><highlight class="keywordtype">int</highlight><highlight class="normal"><sp/>validar<sp/>=<sp/><ref refid="jogada_8h_1ad38b311e5dd671c323311b069aab168f" kindref="member">jogada_valida</ref>(estado,<sp/>coord);</highlight></codeline>
<codeline lineno="6"><highlight class="normal"><sp/><sp/><sp/><sp/></highlight><highlight class="keywordflow">if</highlight><highlight class="normal">(validar<sp/>==<sp/>1<sp/>||<sp/>validar<sp/>==<sp/>2<sp/>||<sp/>validar<sp/>==<sp/>3)<sp/>{</highlight></codeline>
<codeline lineno="7"><highlight class="normal"><sp/><sp/><sp/><sp/><sp/><sp/><sp/><sp/><ref refid="structCOORDENADA" kindref="compound">COORDENADA</ref><sp/>ultima_jogada<sp/>=<sp/><ref refid="estado_8h_1a002d7b97f6e1f8bfa2b50efbe03d62bf" kindref="member">obter_ultima_jogada</ref>(estado);</highlight></codeline>
<codeline lineno="8"><highlight class="normal"><sp/><sp/><sp/><sp/><sp/><sp/><sp/><sp/>estado-&gt;<ref refid="structESTADO_1ab56f0f1be16954d3768b4174d14c087d" kindref="member">tab</ref>[<ref refid="data_8h_1a2daaed57ace3c257d7f948293783e9eb" kindref="member">obter_linha_coord</ref>(coord)][<ref refid="data_8h_1a3ed4d21a46780eeda0ed8f424bee08a1" kindref="member">obter_coluna_coord</ref>(coord)]<sp/>=<sp/>PECA;</highlight></codeline>
<codeline lineno="9"><highlight class="normal"><sp/><sp/><sp/><sp/><sp/><sp/><sp/><sp/>estado-&gt;<ref refid="structESTADO_1ab56f0f1be16954d3768b4174d14c087d" kindref="member">tab</ref>[<ref refid="data_8h_1a2daaed57ace3c257d7f948293783e9eb" kindref="member">obter_linha_coord</ref>(ultima_jogada)][<ref refid="data_8h_1a3ed4d21a46780eeda0ed8f424bee08a1" kindref="member">obter_coluna_coord</ref>(ultima_jogada)]<sp/>=<sp/>RASTRO;</highlight></codeline>
<codeline lineno="10"><highlight class="normal"><sp/><sp/><sp/><sp/><sp/><sp/><sp/><sp/>estado-&gt;<ref refid="structESTADO_1a4896a5c5c1f40b43fb795623327e3f47" kindref="member">ultima_jogada</ref><sp/>=<sp/>coord;</highlight></codeline>
<codeline lineno="11"><highlight class="normal"></highlight></codeline>
<codeline lineno="12"><highlight class="normal"><sp/><sp/><sp/><sp/><sp/><sp/><sp/><sp/></highlight><highlight class="comment">//<sp/>Adicionar<sp/>jogada<sp/>ao<sp/>array<sp/>de<sp/>jogadas</highlight><highlight class="normal"></highlight></codeline>
<codeline lineno="13"><highlight class="normal"><sp/><sp/><sp/><sp/><sp/><sp/><sp/><sp/><ref refid="jogada_8h_1a4067bb2bd3a973474435b8bebcf51775" kindref="member">adicionar_jogada</ref>(estado,<sp/>coord);</highlight></codeline>
<codeline lineno="14"><highlight class="normal"></highlight></codeline>
<codeline lineno="15"><highlight class="normal"><sp/><sp/><sp/><sp/><sp/><sp/><sp/><sp/></highlight><highlight class="keywordflow">if</highlight><highlight class="normal">(<ref refid="estado_8h_1ad6e326e4ffa57ca1ae0c75377ecefc8c" kindref="member">obter_jogador_atual</ref>(estado)<sp/>==<sp/>1){</highlight></codeline>
<codeline lineno="16"><highlight class="normal"><sp/><sp/><sp/><sp/><sp/><sp/><sp/><sp/><sp/><sp/><sp/><sp/>estado-&gt;<ref refid="structESTADO_1a5dd28e2e68b7aef2b6b7ea88e02eff58" kindref="member">jogador_atual</ref><sp/>=<sp/>2;</highlight></codeline>
<codeline lineno="17"><highlight class="normal"><sp/><sp/><sp/><sp/><sp/><sp/><sp/><sp/>}</highlight><highlight class="keywordflow">else</highlight><highlight class="normal">{</highlight></codeline>
<codeline lineno="18"><highlight class="normal"><sp/><sp/><sp/><sp/><sp/><sp/><sp/><sp/><sp/><sp/><sp/><sp/>estado-&gt;<ref refid="structESTADO_1a5dd28e2e68b7aef2b6b7ea88e02eff58" kindref="member">jogador_atual</ref><sp/>=<sp/>1;</highlight></codeline>
<codeline lineno="19"><highlight class="normal"><sp/><sp/><sp/><sp/><sp/><sp/><sp/><sp/>}</highlight></codeline>
<codeline lineno="20"><highlight class="normal"></highlight></codeline>
<codeline lineno="21"><highlight class="normal"><sp/><sp/><sp/><sp/><sp/><sp/><sp/><sp/>putchar(</highlight><highlight class="charliteral">&apos;\n&apos;</highlight><highlight class="normal">);</highlight></codeline>
<codeline lineno="22"><highlight class="normal"><sp/><sp/><sp/><sp/><sp/><sp/><sp/><sp/><ref refid="tabuleiro_8h_1aa0b6c1689e60ac852a73d67e066c1df5" kindref="member">mostrar_tabuleiro</ref>(estado);</highlight></codeline>
<codeline lineno="23"><highlight class="normal"></highlight></codeline>
<codeline lineno="24"><highlight class="normal"><sp/><sp/><sp/><sp/><sp/><sp/><sp/><sp/></highlight><highlight class="keywordflow">if</highlight><highlight class="normal">(validar<sp/>==<sp/>1<sp/>||<sp/>validar<sp/>==<sp/>2){</highlight></codeline>
<codeline lineno="25"><highlight class="normal"><sp/><sp/><sp/><sp/><sp/><sp/><sp/><sp/><sp/><sp/><sp/><sp/>printf(</highlight><highlight class="stringliteral">&quot;\nJogador<sp/>%d<sp/>vence.&quot;</highlight><highlight class="normal">,<sp/>validar);</highlight></codeline>
<codeline lineno="26"><highlight class="normal"><sp/><sp/><sp/><sp/><sp/><sp/><sp/><sp/><sp/><sp/><sp/><sp/>quit<sp/>=<sp/>1;</highlight></codeline>
<codeline lineno="27"><highlight class="normal"><sp/><sp/><sp/><sp/><sp/><sp/><sp/><sp/>}</highlight></codeline>
<codeline lineno="28"><highlight class="normal"><sp/><sp/><sp/><sp/><sp/><sp/><sp/><sp/></highlight><highlight class="keywordflow">return</highlight><highlight class="normal"><sp/>1;</highlight></codeline>
<codeline lineno="29"><highlight class="normal"><sp/><sp/><sp/><sp/>}</highlight><highlight class="keywordflow">else</highlight><highlight class="normal">{</highlight></codeline>
<codeline lineno="30"><highlight class="normal"><sp/><sp/><sp/><sp/><sp/><sp/><sp/><sp/>printf(</highlight><highlight class="stringliteral">&quot;Jogada<sp/>invalida.\n&quot;</highlight><highlight class="normal">);</highlight></codeline>
<codeline lineno="31"><highlight class="normal"><sp/><sp/><sp/><sp/>}</highlight></codeline>
<codeline lineno="32"><highlight class="normal"><sp/><sp/><sp/><sp/></highlight><highlight class="keywordflow">return</highlight><highlight class="normal"><sp/>0;</highlight></codeline>
<codeline lineno="33"><highlight class="normal">}</highlight></codeline>
<codeline lineno="34"><highlight class="normal"></highlight></codeline>
<codeline lineno="35" refid="jogada_8h_1ad38b311e5dd671c323311b069aab168f" refkind="member"><highlight class="normal"></highlight><highlight class="keywordtype">int</highlight><highlight class="normal"><sp/><ref refid="jogada_8h_1ad38b311e5dd671c323311b069aab168f" kindref="member">jogada_valida</ref>(<ref refid="structESTADO" kindref="compound">ESTADO</ref><sp/>*estado,<sp/><ref refid="structCOORDENADA" kindref="compound">COORDENADA</ref><sp/>coord){</highlight></codeline>
<codeline lineno="36"><highlight class="normal"><sp/><sp/><sp/><sp/><ref refid="structCOORDENADA" kindref="compound">COORDENADA</ref><sp/>ultima_jogada<sp/>=<sp/><ref refid="estado_8h_1a002d7b97f6e1f8bfa2b50efbe03d62bf" kindref="member">obter_ultima_jogada</ref>(estado);</highlight></codeline>
<codeline lineno="37"><highlight class="normal"><sp/><sp/><sp/><sp/></highlight><highlight class="keywordtype">int</highlight><highlight class="normal"><sp/>x1<sp/>=<sp/><ref refid="data_8h_1a3ed4d21a46780eeda0ed8f424bee08a1" kindref="member">obter_coluna_coord</ref>(ultima_jogada),<sp/>y1<sp/>=<sp/><ref refid="data_8h_1a2daaed57ace3c257d7f948293783e9eb" kindref="member">obter_linha_coord</ref>(ultima_jogada);</highlight></codeline>
<codeline lineno="38"><highlight class="normal"><sp/><sp/><sp/><sp/></highlight><highlight class="keywordtype">int</highlight><highlight class="normal"><sp/>x2<sp/>=<sp/><ref refid="data_8h_1a3ed4d21a46780eeda0ed8f424bee08a1" kindref="member">obter_coluna_coord</ref>(coord),<sp/>y2<sp/>=<sp/><ref refid="data_8h_1a2daaed57ace3c257d7f948293783e9eb" kindref="member">obter_linha_coord</ref>(coord);</highlight></codeline>
<codeline lineno="39"><highlight class="normal"></highlight></codeline>
<codeline lineno="40"><highlight class="normal"><sp/><sp/><sp/><sp/></highlight><highlight class="comment">//<sp/>Validar<sp/>casas<sp/>em<sp/>volta<sp/>da<sp/>PECA</highlight><highlight class="normal"></highlight></codeline>
<codeline lineno="41"><highlight class="normal"><sp/><sp/><sp/><sp/></highlight><highlight class="keywordflow">if</highlight><highlight class="normal">(((x1<sp/>==<sp/>x2)<sp/>&amp;&amp;<sp/>(((abs(y1-y2))==1)))<sp/></highlight><highlight class="comment">//<sp/>Cima<sp/>e<sp/>baixo</highlight><highlight class="normal"></highlight></codeline>
<codeline lineno="42"><highlight class="normal"><sp/><sp/><sp/><sp/><sp/><sp/><sp/>||<sp/>(((abs(x2-x1))==1)<sp/>&amp;&amp;<sp/>((abs(y2-y1))==1<sp/>||<sp/>y2<sp/>==<sp/>y1<sp/>)))<sp/></highlight><highlight class="comment">//<sp/>Esquerda<sp/>e<sp/>Direita</highlight><highlight class="normal"></highlight></codeline>
<codeline lineno="43"><highlight class="normal"><sp/><sp/><sp/><sp/>{</highlight></codeline>
<codeline lineno="44"><highlight class="normal"><sp/><sp/><sp/><sp/><sp/><sp/><sp/><sp/><ref refid="data_8h_1aba91601f16d4c485b2d9b8c429f27039" kindref="member">CASA</ref><sp/>casa_coord<sp/>=<sp/><ref refid="estado_8h_1a6faa68373203923729ed38657aa0f768" kindref="member">obter_estado_casa</ref>(estado,<sp/>coord);</highlight></codeline>
<codeline lineno="45"><highlight class="normal"><sp/><sp/><sp/><sp/><sp/><sp/><sp/><sp/></highlight><highlight class="keywordflow">if</highlight><highlight class="normal">(casa_coord<sp/>==<sp/>RASTRO)<sp/></highlight><highlight class="keywordflow">return</highlight><highlight class="normal"><sp/>0;</highlight></codeline>
<codeline lineno="46"><highlight class="normal"></highlight></codeline>
<codeline lineno="47"><highlight class="normal"><sp/><sp/><sp/><sp/><sp/><sp/><sp/><sp/></highlight><highlight class="comment">//<sp/>Tabuleiro<sp/>com<sp/>a<sp/>jogada<sp/>efetuada</highlight><highlight class="normal"></highlight></codeline>
<codeline lineno="48"><highlight class="normal"><sp/><sp/><sp/><sp/><sp/><sp/><sp/><sp/><ref refid="data_8h_1aba91601f16d4c485b2d9b8c429f27039" kindref="member">CASA</ref><sp/>new_tab[8][8];</highlight></codeline>
<codeline lineno="49"><highlight class="normal"><sp/><sp/><sp/><sp/><sp/><sp/><sp/><sp/></highlight><highlight class="keywordflow">for</highlight><highlight class="normal">(</highlight><highlight class="keywordtype">int</highlight><highlight class="normal"><sp/>i<sp/>=<sp/>0;<sp/>i<sp/>&lt;<sp/>8;<sp/>i++){</highlight></codeline>
<codeline lineno="50"><highlight class="normal"><sp/><sp/><sp/><sp/><sp/><sp/><sp/><sp/><sp/><sp/><sp/><sp/></highlight><highlight class="keywordflow">for</highlight><highlight class="normal">(</highlight><highlight class="keywordtype">int</highlight><highlight class="normal"><sp/>j<sp/>=<sp/>0;<sp/>j<sp/>&lt;<sp/>8;<sp/>j++){</highlight></codeline>
<codeline lineno="51"><highlight class="normal"><sp/><sp/><sp/><sp/><sp/><sp/><sp/><sp/><sp/><sp/><sp/><sp/><sp/><sp/><sp/><sp/><ref refid="structCOORDENADA" kindref="compound">COORDENADA</ref><sp/></highlight><highlight class="keyword">new</highlight><highlight class="normal">;</highlight></codeline>
<codeline lineno="52"><highlight class="normal"><sp/><sp/><sp/><sp/><sp/><sp/><sp/><sp/><sp/><sp/><sp/><sp/><sp/><sp/><sp/><sp/></highlight><highlight class="keyword">new</highlight><highlight class="normal">.linha<sp/>=<sp/>i;</highlight></codeline>
<codeline lineno="53"><highlight class="normal"><sp/><sp/><sp/><sp/><sp/><sp/><sp/><sp/><sp/><sp/><sp/><sp/><sp/><sp/><sp/><sp/></highlight><highlight class="keyword">new</highlight><highlight class="normal">.coluna<sp/>=<sp/>j;</highlight></codeline>
<codeline lineno="54"><highlight class="normal"><sp/><sp/><sp/><sp/><sp/><sp/><sp/><sp/><sp/><sp/><sp/><sp/><sp/><sp/><sp/><sp/>new_tab[i][j]<sp/>=<sp/><ref refid="estado_8h_1a6faa68373203923729ed38657aa0f768" kindref="member">obter_estado_casa</ref>(estado,<sp/></highlight><highlight class="keyword">new</highlight><highlight class="normal">);</highlight></codeline>
<codeline lineno="55"><highlight class="normal"><sp/><sp/><sp/><sp/><sp/><sp/><sp/><sp/><sp/><sp/><sp/><sp/>}</highlight></codeline>
<codeline lineno="56"><highlight class="normal"><sp/><sp/><sp/><sp/><sp/><sp/><sp/><sp/>}</highlight></codeline>
<codeline lineno="57"><highlight class="normal"></highlight></codeline>
<codeline lineno="58"><highlight class="normal"><sp/><sp/><sp/><sp/><sp/><sp/><sp/><sp/>new_tab[coord.linha][coord.coluna]<sp/>=<sp/>PECA;</highlight></codeline>
<codeline lineno="59"><highlight class="normal"><sp/><sp/><sp/><sp/><sp/><sp/><sp/><sp/>new_tab[<ref refid="data_8h_1a2daaed57ace3c257d7f948293783e9eb" kindref="member">obter_linha_coord</ref>(ultima_jogada)][<ref refid="data_8h_1a3ed4d21a46780eeda0ed8f424bee08a1" kindref="member">obter_coluna_coord</ref>(ultima_jogada)]<sp/>=<sp/>RASTRO;</highlight></codeline>
<codeline lineno="60"><highlight class="normal"></highlight></codeline>
<codeline lineno="61"><highlight class="normal"><sp/><sp/><sp/><sp/><sp/><sp/><sp/><sp/></highlight><highlight class="keywordflow">if</highlight><highlight class="normal">((new_tab[abs(coord.linha-1)][abs(coord.coluna-1)]<sp/>==<sp/>RASTRO)</highlight></codeline>
<codeline lineno="62"><highlight class="normal"><sp/><sp/><sp/><sp/><sp/><sp/><sp/><sp/>&amp;&amp;<sp/>(new_tab[abs(coord.linha-1)][abs(coord.coluna)]<sp/>==<sp/>RASTRO)</highlight></codeline>
<codeline lineno="63"><highlight class="normal"><sp/><sp/><sp/><sp/><sp/><sp/><sp/><sp/>&amp;&amp;<sp/>(new_tab[abs(coord.linha-1)][abs(coord.coluna+1)]<sp/>==<sp/>RASTRO)</highlight></codeline>
<codeline lineno="64"><highlight class="normal"><sp/><sp/><sp/><sp/><sp/><sp/><sp/><sp/>&amp;&amp;<sp/>(new_tab[abs(coord.linha+1)][abs(coord.coluna-1)]<sp/>==<sp/>RASTRO)</highlight></codeline>
<codeline lineno="65"><highlight class="normal"><sp/><sp/><sp/><sp/><sp/><sp/><sp/><sp/>&amp;&amp;<sp/>(new_tab[abs(coord.linha+1)][abs(coord.coluna)]<sp/>==<sp/>RASTRO)</highlight></codeline>
<codeline lineno="66"><highlight class="normal"><sp/><sp/><sp/><sp/><sp/><sp/><sp/><sp/>&amp;&amp;<sp/>(new_tab[abs(coord.linha+1)][abs(coord.coluna+1)]<sp/>==<sp/>RASTRO)</highlight></codeline>
<codeline lineno="67"><highlight class="normal"><sp/><sp/><sp/><sp/><sp/><sp/><sp/><sp/>&amp;&amp;<sp/>(new_tab[abs(coord.linha)][abs(coord.coluna+1)]<sp/>==<sp/>RASTRO)</highlight></codeline>
<codeline lineno="68"><highlight class="normal"><sp/><sp/><sp/><sp/><sp/><sp/><sp/><sp/>&amp;&amp;<sp/>(new_tab[abs(coord.linha)][abs(coord.coluna-1)]<sp/>==<sp/>RASTRO)){</highlight></codeline>
<codeline lineno="69"><highlight class="normal"><sp/><sp/><sp/><sp/><sp/><sp/><sp/><sp/><sp/><sp/><sp/><sp/></highlight><highlight class="keywordflow">return</highlight><highlight class="normal"><sp/><ref refid="estado_8h_1ad6e326e4ffa57ca1ae0c75377ecefc8c" kindref="member">obter_jogador_atual</ref>(estado);</highlight></codeline>
<codeline lineno="70"><highlight class="normal"><sp/><sp/><sp/><sp/><sp/><sp/><sp/><sp/>}</highlight></codeline>
<codeline lineno="71"><highlight class="normal"></highlight></codeline>
<codeline lineno="72"><highlight class="normal"><sp/><sp/><sp/><sp/><sp/><sp/><sp/><sp/><sp/></highlight><highlight class="keywordflow">if</highlight><highlight class="normal">(casa_coord<sp/>==<sp/>POS1)<sp/>{</highlight></codeline>
<codeline lineno="73"><highlight class="normal"><sp/><sp/><sp/><sp/><sp/><sp/><sp/><sp/><sp/><sp/><sp/><sp/><sp/></highlight><highlight class="keywordflow">return</highlight><highlight class="normal"><sp/>1;</highlight></codeline>
<codeline lineno="74"><highlight class="normal"><sp/><sp/><sp/><sp/><sp/><sp/><sp/><sp/><sp/>}</highlight><highlight class="keywordflow">else</highlight><highlight class="normal"><sp/></highlight><highlight class="keywordflow">if</highlight><highlight class="normal">(casa_coord<sp/>==<sp/>POS2){</highlight></codeline>
<codeline lineno="75"><highlight class="normal"><sp/><sp/><sp/><sp/><sp/><sp/><sp/><sp/><sp/><sp/><sp/><sp/><sp/></highlight><highlight class="keywordflow">return</highlight><highlight class="normal"><sp/>2;</highlight></codeline>
<codeline lineno="76"><highlight class="normal"><sp/><sp/><sp/><sp/><sp/><sp/><sp/><sp/><sp/>}</highlight></codeline>
<codeline lineno="77"><highlight class="normal"><sp/><sp/><sp/><sp/><sp/><sp/><sp/><sp/><sp/></highlight><highlight class="keywordflow">return</highlight><highlight class="normal"><sp/>3;</highlight></codeline>
<codeline lineno="78"><highlight class="normal"><sp/><sp/><sp/><sp/>}</highlight></codeline>
<codeline lineno="79"><highlight class="normal"><sp/><sp/><sp/><sp/></highlight><highlight class="keywordflow">return</highlight><highlight class="normal"><sp/>0;</highlight></codeline>
<codeline lineno="80"><highlight class="normal">}</highlight></codeline>
<codeline lineno="81"><highlight class="normal"></highlight></codeline>
<codeline lineno="82" refid="jogada_8h_1a4067bb2bd3a973474435b8bebcf51775" refkind="member"><highlight class="normal"></highlight><highlight class="keywordtype">void</highlight><highlight class="normal"><sp/><ref refid="jogada_8h_1a4067bb2bd3a973474435b8bebcf51775" kindref="member">adicionar_jogada</ref>(<ref refid="structESTADO" kindref="compound">ESTADO</ref><sp/>*estado,<sp/><ref refid="structCOORDENADA" kindref="compound">COORDENADA</ref><sp/>coord){</highlight></codeline>
<codeline lineno="83"><highlight class="normal"><sp/><sp/><sp/><sp/></highlight><highlight class="keywordflow">if</highlight><highlight class="normal">(<ref refid="estado_8h_1ad6e326e4ffa57ca1ae0c75377ecefc8c" kindref="member">obter_jogador_atual</ref>(estado)<sp/>==<sp/>1){</highlight></codeline>
<codeline lineno="84"><highlight class="normal"><sp/><sp/><sp/><sp/><sp/><sp/><sp/><sp/><ref refid="structJOGADA" kindref="compound">JOGADA</ref><sp/>jog;</highlight></codeline>
<codeline lineno="85"><highlight class="normal"><sp/><sp/><sp/><sp/><sp/><sp/><sp/><sp/>jog.jogador1<sp/>=<sp/>coord;</highlight></codeline>
<codeline lineno="86"><highlight class="normal"></highlight></codeline>
<codeline lineno="87"><highlight class="normal"><sp/><sp/><sp/><sp/><sp/><sp/><sp/><sp/><ref refid="structCOORDENADA" kindref="compound">COORDENADA</ref><sp/>nula;</highlight></codeline>
<codeline lineno="88"><highlight class="normal"><sp/><sp/><sp/><sp/><sp/><sp/><sp/><sp/>nula.linha<sp/>=<sp/>-1;</highlight></codeline>
<codeline lineno="89"><highlight class="normal"><sp/><sp/><sp/><sp/><sp/><sp/><sp/><sp/>nula.coluna<sp/>=<sp/>-1;</highlight></codeline>
<codeline lineno="90"><highlight class="normal"><sp/><sp/><sp/><sp/><sp/><sp/><sp/><sp/>jog.jogador2<sp/>=<sp/>nula;</highlight></codeline>
<codeline lineno="91"><highlight class="normal"></highlight></codeline>
<codeline lineno="92"><highlight class="normal"><sp/><sp/><sp/><sp/><sp/><sp/><sp/><sp/>estado-&gt;<ref refid="structESTADO_1afae43b87a488fad0f2b56a18bad31d18" kindref="member">jogadas</ref>[<ref refid="estado_8h_1a6cd0b387bdee9e18003c78852394aa63" kindref="member">obter_numero_de_jogadas</ref>(estado)]<sp/>=<sp/>jog;</highlight></codeline>
<codeline lineno="93"><highlight class="normal"><sp/><sp/><sp/><sp/>}</highlight><highlight class="keywordflow">else</highlight><highlight class="normal">{</highlight></codeline>
<codeline lineno="94"><highlight class="normal"><sp/><sp/><sp/><sp/><sp/><sp/><sp/><sp/><ref refid="structJOGADA" kindref="compound">JOGADA</ref><sp/>jog<sp/>=<sp/>estado-&gt;<ref refid="structESTADO_1afae43b87a488fad0f2b56a18bad31d18" kindref="member">jogadas</ref>[<ref refid="estado_8h_1a6cd0b387bdee9e18003c78852394aa63" kindref="member">obter_numero_de_jogadas</ref>(estado)];</highlight></codeline>
<codeline lineno="95"><highlight class="normal"><sp/><sp/><sp/><sp/><sp/><sp/><sp/><sp/>jog.jogador2<sp/>=<sp/>coord;</highlight></codeline>
<codeline lineno="96"><highlight class="normal"><sp/><sp/><sp/><sp/><sp/><sp/><sp/><sp/>estado-&gt;<ref refid="structESTADO_1afae43b87a488fad0f2b56a18bad31d18" kindref="member">jogadas</ref>[<ref refid="estado_8h_1a6cd0b387bdee9e18003c78852394aa63" kindref="member">obter_numero_de_jogadas</ref>(estado)]<sp/>=<sp/>jog;</highlight></codeline>
<codeline lineno="97"><highlight class="normal"><sp/><sp/><sp/><sp/><sp/><sp/><sp/><sp/>estado-&gt;<ref refid="structESTADO_1a261495728744647e618b4e623f5a4b7a" kindref="member">num_jogadas</ref><sp/>=<sp/><ref refid="estado_8h_1a6cd0b387bdee9e18003c78852394aa63" kindref="member">obter_numero_de_jogadas</ref>(estado)<sp/>+<sp/>1;</highlight></codeline>
<codeline lineno="98"><highlight class="normal"><sp/><sp/><sp/><sp/>}</highlight></codeline>
<codeline lineno="99"><highlight class="normal">}</highlight></codeline>
    </programlisting>
    <location file="jogada.c"/>
  </compounddef>
</doxygen>
