<?xml version='1.0' encoding='UTF-8' standalone='no'?>
<doxygen xmlns:xsi="http://www.w3.org/2001/XMLSchema-instance" xsi:noNamespaceSchemaLocation="compound.xsd" version="1.8.17">
  <compounddef id="jogada_8h" kind="file" language="C++">
    <compoundname>jogada.h</compoundname>
    <includes refid="estado_8h" local="yes">estado.h</includes>
    <includes refid="interpretador_8h" local="yes">interpretador.h</includes>
    <includes refid="tabuleiro_8h" local="yes">tabuleiro.h</includes>
    <includedby refid="file_8h" local="yes">file.h</includedby>
    <includedby refid="interpretador_8h" local="yes">interpretador.h</includedby>
    <includedby refid="jogada_8c" local="yes">jogada.c</includedby>
    <incdepgraph>
      <node id="2">
        <label>estado.h</label>
        <link refid="estado_8h"/>
        <childnode refid="3" relation="include">
        </childnode>
        <childnode refid="4" relation="include">
        </childnode>
      </node>
      <node id="3">
        <label>stdlib.h</label>
      </node>
      <node id="8">
        <label>movs.h</label>
        <link refid="movs_8h_source"/>
        <childnode refid="6" relation="include">
        </childnode>
        <childnode refid="4" relation="include">
        </childnode>
      </node>
      <node id="11">
        <label>file.h</label>
        <link refid="file_8h"/>
        <childnode refid="6" relation="include">
        </childnode>
        <childnode refid="7" relation="include">
        </childnode>
        <childnode refid="4" relation="include">
        </childnode>
        <childnode refid="2" relation="include">
        </childnode>
        <childnode refid="1" relation="include">
        </childnode>
      </node>
      <node id="4">
        <label>data.h</label>
        <link refid="data_8h"/>
      </node>
      <node id="10">
        <label>tabuleiro.h</label>
        <link refid="tabuleiro_8h"/>
        <childnode refid="4" relation="include">
        </childnode>
      </node>
      <node id="9">
        <label>pos.h</label>
        <link refid="pos_8h_source"/>
        <childnode refid="6" relation="include">
        </childnode>
        <childnode refid="4" relation="include">
        </childnode>
        <childnode refid="2" relation="include">
        </childnode>
        <childnode refid="10" relation="include">
        </childnode>
      </node>
      <node id="7">
        <label>string.h</label>
      </node>
      <node id="13">
        <label>math.h</label>
      </node>
      <node id="6">
        <label>stdio.h</label>
      </node>
      <node id="12">
        <label>lista.h</label>
        <link refid="lista_8h_source"/>
        <childnode refid="6" relation="include">
        </childnode>
        <childnode refid="3" relation="include">
        </childnode>
        <childnode refid="13" relation="include">
        </childnode>
        <childnode refid="4" relation="include">
        </childnode>
        <childnode refid="5" relation="include">
        </childnode>
      </node>
      <node id="1">
        <label>jogada.h</label>
        <link refid="jogada_8h"/>
        <childnode refid="2" relation="include">
        </childnode>
        <childnode refid="5" relation="include">
        </childnode>
        <childnode refid="10" relation="include">
        </childnode>
      </node>
      <node id="5">
        <label>interpretador.h</label>
        <link refid="interpretador_8h"/>
        <childnode refid="6" relation="include">
        </childnode>
        <childnode refid="7" relation="include">
        </childnode>
        <childnode refid="1" relation="include">
        </childnode>
        <childnode refid="8" relation="include">
        </childnode>
        <childnode refid="9" relation="include">
        </childnode>
        <childnode refid="11" relation="include">
        </childnode>
        <childnode refid="12" relation="include">
        </childnode>
      </node>
    </incdepgraph>
    <invincdepgraph>
      <node id="3">
        <label>file.c</label>
        <link refid="file_8c_source"/>
      </node>
      <node id="2">
        <label>file.h</label>
        <link refid="file_8h"/>
        <childnode refid="3" relation="include">
        </childnode>
        <childnode refid="4" relation="include">
        </childnode>
      </node>
      <node id="8">
        <label>main.c</label>
        <link refid="main_8c_source"/>
      </node>
      <node id="6">
        <label>lista.c</label>
        <link refid="lista_8c_source"/>
      </node>
      <node id="9">
        <label>jogada.c</label>
        <link refid="jogada_8c_source"/>
      </node>
      <node id="5">
        <label>lista.h</label>
        <link refid="lista_8h_source"/>
        <childnode refid="4" relation="include">
        </childnode>
        <childnode refid="6" relation="include">
        </childnode>
      </node>
      <node id="1">
        <label>jogada.h</label>
        <link refid="jogada_8h"/>
        <childnode refid="2" relation="include">
        </childnode>
        <childnode refid="4" relation="include">
        </childnode>
        <childnode refid="9" relation="include">
        </childnode>
      </node>
      <node id="7">
        <label>interpretador.c</label>
        <link refid="interpretador_8c_source"/>
      </node>
      <node id="4">
        <label>interpretador.h</label>
        <link refid="interpretador_8h"/>
        <childnode refid="1" relation="include">
        </childnode>
        <childnode refid="5" relation="include">
        </childnode>
        <childnode refid="7" relation="include">
        </childnode>
        <childnode refid="8" relation="include">
        </childnode>
      </node>
    </invincdepgraph>
      <sectiondef kind="func">
      <memberdef kind="function" id="jogada_8h_1aedac94896fa0c978db67ffa48463b731" prot="public" static="no" const="no" explicit="no" inline="no" virt="non-virtual">
        <type>int</type>
        <definition>int jogar</definition>
        <argsstring>(ESTADO *estado, COORDENADA coord)</argsstring>
        <name>jogar</name>
        <param>
          <type><ref refid="structESTADO" kindref="compound">ESTADO</ref> *</type>
          <declname>estado</declname>
        </param>
        <param>
          <type><ref refid="structCOORDENADA" kindref="compound">COORDENADA</ref></type>
          <declname>coord</declname>
        </param>
        <briefdescription>
<para>Efetua uma jogada. </para>
        </briefdescription>
        <detaileddescription>
<para><parameterlist kind="param"><parameteritem>
<parameternamelist>
<parametername>estado</parametername>
</parameternamelist>
<parameterdescription>
<para>Apontador para o estado </para>
</parameterdescription>
</parameteritem>
<parameteritem>
<parameternamelist>
<parametername>coord</parametername>
</parameternamelist>
<parameterdescription>
<para>A coordenada </para>
</parameterdescription>
</parameteritem>
</parameterlist>
<simplesect kind="return"><para>1 se a jogada for válida, 0 caso contrário </para>
</simplesect>
</para>
        </detaileddescription>
        <inbodydescription>
        </inbodydescription>
        <location file="jogada.h" line="17" column="5" bodyfile="jogada.c" bodystart="3" bodyend="33" declfile="jogada.h" declline="17" declcolumn="5"/>
      </memberdef>
      <memberdef kind="function" id="jogada_8h_1ad38b311e5dd671c323311b069aab168f" prot="public" static="no" const="no" explicit="no" inline="no" virt="non-virtual">
        <type>int</type>
        <definition>int jogada_valida</definition>
        <argsstring>(ESTADO *estado, COORDENADA coord)</argsstring>
        <name>jogada_valida</name>
        <param>
          <type><ref refid="structESTADO" kindref="compound">ESTADO</ref> *</type>
          <declname>estado</declname>
        </param>
        <param>
          <type><ref refid="structCOORDENADA" kindref="compound">COORDENADA</ref></type>
          <declname>coord</declname>
        </param>
        <briefdescription>
<para>Verifica se a jogada é válida. </para>
        </briefdescription>
        <detaileddescription>
<para><parameterlist kind="param"><parameteritem>
<parameternamelist>
<parametername>estado</parametername>
</parameternamelist>
<parameterdescription>
<para>Apontador para o estado </para>
</parameterdescription>
</parameteritem>
<parameteritem>
<parameternamelist>
<parametername>coord</parametername>
</parameternamelist>
<parameterdescription>
<para>A coordenada </para>
</parameterdescription>
</parameteritem>
</parameterlist>
<simplesect kind="return"><para>1 se o jogador ganha, 2 se o jogador 2 ganha, 3 se se move para uma casa vazia e 0 se a jogada não é válida </para>
</simplesect>
</para>
        </detaileddescription>
        <inbodydescription>
        </inbodydescription>
        <location file="jogada.h" line="24" column="5" bodyfile="jogada.c" bodystart="35" bodyend="80" declfile="jogada.h" declline="24" declcolumn="5"/>
      </memberdef>
      <memberdef kind="function" id="jogada_8h_1a4067bb2bd3a973474435b8bebcf51775" prot="public" static="no" const="no" explicit="no" inline="no" virt="non-virtual">
        <type>void</type>
        <definition>void adicionar_jogada</definition>
        <argsstring>(ESTADO *estado, COORDENADA coord)</argsstring>
        <name>adicionar_jogada</name>
        <param>
          <type><ref refid="structESTADO" kindref="compound">ESTADO</ref> *</type>
          <declname>estado</declname>
        </param>
        <param>
          <type><ref refid="structCOORDENADA" kindref="compound">COORDENADA</ref></type>
          <declname>coord</declname>
        </param>
        <briefdescription>
<para>Adicionar jogadas ao array de jogadas. </para>
        </briefdescription>
        <detaileddescription>
<para><parameterlist kind="param"><parameteritem>
<parameternamelist>
<parametername>estado</parametername>
</parameternamelist>
<parameterdescription>
<para>Apontador para o estado </para>
</parameterdescription>
</parameteritem>
<parameteritem>
<parameternamelist>
<parametername>coord</parametername>
</parameternamelist>
<parameterdescription>
<para>A coordenada </para>
</parameterdescription>
</parameteritem>
</parameterlist>
</para>
        </detaileddescription>
        <inbodydescription>
        </inbodydescription>
        <location file="jogada.h" line="30" column="6" bodyfile="jogada.c" bodystart="82" bodyend="99" declfile="jogada.h" declline="30" declcolumn="6"/>
      </memberdef>
      </sectiondef>
    <briefdescription>
    </briefdescription>
    <detaileddescription>
<para>Definição da camada logica e das suas funções </para>
    </detaileddescription>
    <programlisting>
<codeline lineno="1"></codeline>
<codeline lineno="5"><highlight class="preprocessor">#ifndef<sp/>SRC_JOGADA_H</highlight><highlight class="normal"></highlight></codeline>
<codeline lineno="6"><highlight class="normal"></highlight><highlight class="preprocessor">#define<sp/>SRC_JOGADA_H</highlight><highlight class="normal"></highlight></codeline>
<codeline lineno="7"><highlight class="normal"></highlight></codeline>
<codeline lineno="8"><highlight class="normal"></highlight><highlight class="preprocessor">#include<sp/>&quot;<ref refid="estado_8h" kindref="compound">estado.h</ref>&quot;</highlight><highlight class="normal"></highlight></codeline>
<codeline lineno="9"><highlight class="normal"></highlight><highlight class="preprocessor">#include<sp/>&quot;<ref refid="interpretador_8h" kindref="compound">interpretador.h</ref>&quot;</highlight><highlight class="normal"></highlight></codeline>
<codeline lineno="10"><highlight class="normal"></highlight><highlight class="preprocessor">#include<sp/>&quot;<ref refid="tabuleiro_8h" kindref="compound">tabuleiro.h</ref>&quot;</highlight></codeline>
<codeline lineno="17"><highlight class="keywordtype">int</highlight><highlight class="normal"><sp/><ref refid="jogada_8h_1aedac94896fa0c978db67ffa48463b731" kindref="member">jogar</ref>(<ref refid="structESTADO" kindref="compound">ESTADO</ref><sp/>*estado,<sp/><ref refid="structCOORDENADA" kindref="compound">COORDENADA</ref><sp/>coord);</highlight></codeline>
<codeline lineno="24"><highlight class="keywordtype">int</highlight><highlight class="normal"><sp/><ref refid="jogada_8h_1ad38b311e5dd671c323311b069aab168f" kindref="member">jogada_valida</ref>(<ref refid="structESTADO" kindref="compound">ESTADO</ref><sp/>*estado,<sp/><ref refid="structCOORDENADA" kindref="compound">COORDENADA</ref><sp/>coord);</highlight></codeline>
<codeline lineno="30"><highlight class="keywordtype">void</highlight><highlight class="normal"><sp/><ref refid="jogada_8h_1a4067bb2bd3a973474435b8bebcf51775" kindref="member">adicionar_jogada</ref>(<ref refid="structESTADO" kindref="compound">ESTADO</ref><sp/>*estado,<sp/><ref refid="structCOORDENADA" kindref="compound">COORDENADA</ref><sp/>coord);</highlight></codeline>
<codeline lineno="31"><highlight class="normal"></highlight></codeline>
<codeline lineno="32"><highlight class="normal"></highlight><highlight class="preprocessor">#endif<sp/>//SRC_JOGADA_H</highlight></codeline>
    </programlisting>
    <location file="jogada.h"/>
  </compounddef>
</doxygen>
