<?xml version='1.0' encoding='UTF-8' standalone='no'?>
<doxygen xmlns:xsi="http://www.w3.org/2001/XMLSchema-instance" xsi:noNamespaceSchemaLocation="compound.xsd" version="1.8.17">
  <compounddef id="pos_8h" kind="file" language="C++">
    <compoundname>pos.h</compoundname>
    <includes local="yes">stdio.h</includes>
    <includes refid="data_8h" local="yes">data.h</includes>
    <includes refid="estado_8h" local="yes">estado.h</includes>
    <includes refid="tabuleiro_8h" local="yes">tabuleiro.h</includes>
    <includedby refid="interpretador_8h" local="yes">interpretador.h</includedby>
    <includedby refid="pos_8c" local="yes">pos.c</includedby>
    <incdepgraph>
      <node id="4">
        <label>estado.h</label>
        <link refid="estado_8h"/>
        <childnode refid="5" relation="include">
        </childnode>
        <childnode refid="3" relation="include">
        </childnode>
      </node>
      <node id="5">
        <label>stdlib.h</label>
      </node>
      <node id="3">
        <label>data.h</label>
        <link refid="data_8h"/>
      </node>
      <node id="6">
        <label>tabuleiro.h</label>
        <link refid="tabuleiro_8h"/>
        <childnode refid="3" relation="include">
        </childnode>
      </node>
      <node id="1">
        <label>pos.h</label>
        <link refid="pos_8h"/>
        <childnode refid="2" relation="include">
        </childnode>
        <childnode refid="3" relation="include">
        </childnode>
        <childnode refid="4" relation="include">
        </childnode>
        <childnode refid="6" relation="include">
        </childnode>
      </node>
      <node id="2">
        <label>stdio.h</label>
      </node>
    </incdepgraph>
    <invincdepgraph>
      <node id="5">
        <label>file.c</label>
        <link refid="file_8c_source"/>
      </node>
      <node id="4">
        <label>file.h</label>
        <link refid="file_8h"/>
        <childnode refid="5" relation="include">
        </childnode>
        <childnode refid="2" relation="include">
        </childnode>
      </node>
      <node id="11">
        <label>pos.c</label>
        <link refid="pos_8c_source"/>
      </node>
      <node id="1">
        <label>pos.h</label>
        <link refid="pos_8h"/>
        <childnode refid="2" relation="include">
        </childnode>
        <childnode refid="11" relation="include">
        </childnode>
      </node>
      <node id="10">
        <label>main.c</label>
        <link refid="main_8c_source"/>
      </node>
      <node id="8">
        <label>lista.c</label>
        <link refid="lista_8c_source"/>
      </node>
      <node id="6">
        <label>jogada.c</label>
        <link refid="jogada_8c_source"/>
      </node>
      <node id="7">
        <label>lista.h</label>
        <link refid="lista_8h_source"/>
        <childnode refid="2" relation="include">
        </childnode>
        <childnode refid="8" relation="include">
        </childnode>
      </node>
      <node id="3">
        <label>jogada.h</label>
        <link refid="jogada_8h"/>
        <childnode refid="4" relation="include">
        </childnode>
        <childnode refid="2" relation="include">
        </childnode>
        <childnode refid="6" relation="include">
        </childnode>
      </node>
      <node id="9">
        <label>interpretador.c</label>
        <link refid="interpretador_8c_source"/>
      </node>
      <node id="2">
        <label>interpretador.h</label>
        <link refid="interpretador_8h"/>
        <childnode refid="3" relation="include">
        </childnode>
        <childnode refid="7" relation="include">
        </childnode>
        <childnode refid="9" relation="include">
        </childnode>
        <childnode refid="10" relation="include">
        </childnode>
      </node>
    </invincdepgraph>
      <sectiondef kind="func">
      <memberdef kind="function" id="pos_8h_1a03b39d5580a9cf878ee44640ee530f2b" prot="public" static="no" const="no" explicit="no" inline="no" virt="non-virtual">
        <type>void</type>
        <definition>void pos</definition>
        <argsstring>(ESTADO *estado, int jogada)</argsstring>
        <name>pos</name>
        <param>
          <type><ref refid="structESTADO" kindref="compound">ESTADO</ref> *</type>
          <declname>estado</declname>
        </param>
        <param>
          <type>int</type>
          <declname>jogada</declname>
        </param>
        <briefdescription>
<para>Esta função lê o estado e o valor dado pelo jogador e volta ao tabuleiro com as jogadas até essa posição. </para>
        </briefdescription>
        <detaileddescription>
<para><parameterlist kind="param"><parameteritem>
<parameternamelist>
<parametername>estado</parametername>
</parameternamelist>
<parameterdescription>
<para>O estado atual </para>
</parameterdescription>
</parameteritem>
<parameteritem>
<parameternamelist>
<parametername>jogada</parametername>
</parameternamelist>
<parameterdescription>
<para>Posição à qual se pretende voltar </para>
</parameterdescription>
</parameteritem>
</parameterlist>
</para>
        </detaileddescription>
        <inbodydescription>
        </inbodydescription>
        <location file="pos.h" line="14" column="6" bodyfile="pos.c" bodystart="3" bodyend="39" declfile="pos.h" declline="14" declcolumn="6"/>
      </memberdef>
      </sectiondef>
    <briefdescription>
    </briefdescription>
    <detaileddescription>
    </detaileddescription>
    <programlisting>
<codeline lineno="1"><highlight class="preprocessor">#ifndef<sp/>SRC_POS_H</highlight><highlight class="normal"></highlight></codeline>
<codeline lineno="2"><highlight class="normal"></highlight><highlight class="preprocessor">#define<sp/>SRC_POS_H</highlight><highlight class="normal"></highlight></codeline>
<codeline lineno="3"><highlight class="normal"></highlight></codeline>
<codeline lineno="4"><highlight class="normal"></highlight><highlight class="preprocessor">#include<sp/>&quot;stdio.h&quot;</highlight><highlight class="normal"></highlight></codeline>
<codeline lineno="5"><highlight class="normal"></highlight><highlight class="preprocessor">#include<sp/>&quot;<ref refid="data_8h" kindref="compound">data.h</ref>&quot;</highlight><highlight class="normal"></highlight></codeline>
<codeline lineno="6"><highlight class="normal"></highlight><highlight class="preprocessor">#include<sp/>&quot;<ref refid="estado_8h" kindref="compound">estado.h</ref>&quot;</highlight><highlight class="normal"></highlight></codeline>
<codeline lineno="7"><highlight class="normal"></highlight><highlight class="preprocessor">#include<sp/>&quot;<ref refid="tabuleiro_8h" kindref="compound">tabuleiro.h</ref>&quot;</highlight><highlight class="normal"></highlight></codeline>
<codeline lineno="8"><highlight class="normal"></highlight></codeline>
<codeline lineno="14"><highlight class="keywordtype">void</highlight><highlight class="normal"><sp/>pos(<ref refid="structESTADO" kindref="compound">ESTADO</ref><sp/>*estado,<sp/></highlight><highlight class="keywordtype">int</highlight><highlight class="normal"><sp/>jogada);</highlight></codeline>
<codeline lineno="15"><highlight class="normal"></highlight></codeline>
<codeline lineno="16"><highlight class="normal"></highlight><highlight class="preprocessor">#endif<sp/>//SRC_POS_H</highlight></codeline>
    </programlisting>
    <location file="pos.h"/>
  </compounddef>
</doxygen>
