<?xml version='1.0' encoding='UTF-8' standalone='no'?>
<doxygen xmlns:xsi="http://www.w3.org/2001/XMLSchema-instance" xsi:noNamespaceSchemaLocation="compound.xsd" version="1.8.17">
  <compounddef id="structESTADO" kind="struct" language="C++" prot="public">
    <compoundname>ESTADO</compoundname>
    <includes refid="data_8h" local="no">data.h</includes>
      <sectiondef kind="public-attrib">
      <memberdef kind="variable" id="structESTADO_1ab56f0f1be16954d3768b4174d14c087d" prot="public" static="no" mutable="no">
        <type><ref refid="data_8h_1aba91601f16d4c485b2d9b8c429f27039" kindref="member">CASA</ref></type>
        <definition>CASA ESTADO::tab[8][8]</definition>
        <argsstring>[8][8]</argsstring>
        <name>tab</name>
        <briefdescription>
        </briefdescription>
        <detaileddescription>
<para>O tabuleiro </para>
        </detaileddescription>
        <inbodydescription>
        </inbodydescription>
        <location file="data.h" line="45" column="10" bodyfile="data.h" bodystart="45" bodyend="-1"/>
      </memberdef>
      <memberdef kind="variable" id="structESTADO_1a4896a5c5c1f40b43fb795623327e3f47" prot="public" static="no" mutable="no">
        <type><ref refid="structCOORDENADA" kindref="compound">COORDENADA</ref></type>
        <definition>COORDENADA ESTADO::ultima_jogada</definition>
        <argsstring></argsstring>
        <name>ultima_jogada</name>
        <briefdescription>
        </briefdescription>
        <detaileddescription>
<para>As coordenadas da ultima jogada </para>
        </detaileddescription>
        <inbodydescription>
        </inbodydescription>
        <location file="data.h" line="47" column="16" bodyfile="data.h" bodystart="47" bodyend="-1"/>
      </memberdef>
      <memberdef kind="variable" id="structESTADO_1afae43b87a488fad0f2b56a18bad31d18" prot="public" static="no" mutable="no">
        <type><ref refid="data_8h_1a94c221d29a1760f008b7834093259b7d" kindref="member">JOGADAS</ref></type>
        <definition>JOGADAS ESTADO::jogadas</definition>
        <argsstring></argsstring>
        <name>jogadas</name>
        <briefdescription>
        </briefdescription>
        <detaileddescription>
<para>As jogadas </para>
        </detaileddescription>
        <inbodydescription>
        </inbodydescription>
        <location file="data.h" line="49" column="13" bodyfile="data.h" bodystart="49" bodyend="-1"/>
      </memberdef>
      <memberdef kind="variable" id="structESTADO_1a261495728744647e618b4e623f5a4b7a" prot="public" static="no" mutable="no">
        <type>int</type>
        <definition>int ESTADO::num_jogadas</definition>
        <argsstring></argsstring>
        <name>num_jogadas</name>
        <briefdescription>
        </briefdescription>
        <detaileddescription>
<para>O número de jogadas, usado no prompt </para>
        </detaileddescription>
        <inbodydescription>
        </inbodydescription>
        <location file="data.h" line="51" column="9" bodyfile="data.h" bodystart="51" bodyend="-1"/>
      </memberdef>
      <memberdef kind="variable" id="structESTADO_1a5dd28e2e68b7aef2b6b7ea88e02eff58" prot="public" static="no" mutable="no">
        <type>int</type>
        <definition>int ESTADO::jogador_atual</definition>
        <argsstring></argsstring>
        <name>jogador_atual</name>
        <briefdescription>
        </briefdescription>
        <detaileddescription>
<para>O nº do comando, usado no prompt </para>
        </detaileddescription>
        <inbodydescription>
        </inbodydescription>
        <location file="data.h" line="53" column="9" bodyfile="data.h" bodystart="53" bodyend="-1"/>
      </memberdef>
      </sectiondef>
    <briefdescription>
<para>Tipo de dados para o estado. </para>
    </briefdescription>
    <detaileddescription>
    </detaileddescription>
    <collaborationgraph>
      <node id="3">
        <label>JOGADA</label>
        <link refid="structJOGADA"/>
        <childnode refid="2" relation="usage">
          <edgelabel>jogador1</edgelabel>
          <edgelabel>jogador2</edgelabel>
        </childnode>
      </node>
      <node id="2">
        <label>COORDENADA</label>
        <link refid="structCOORDENADA"/>
      </node>
      <node id="1">
        <label>ESTADO</label>
        <link refid="structESTADO"/>
        <childnode refid="2" relation="usage">
          <edgelabel>ultima_jogada</edgelabel>
        </childnode>
        <childnode refid="3" relation="usage">
          <edgelabel>jogadas</edgelabel>
        </childnode>
      </node>
    </collaborationgraph>
    <location file="data.h" line="43" column="16" bodyfile="data.h" bodystart="43" bodyend="54"/>
    <listofallmembers>
      <member refid="structESTADO_1afae43b87a488fad0f2b56a18bad31d18" prot="public" virt="non-virtual"><scope>ESTADO</scope><name>jogadas</name></member>
      <member refid="structESTADO_1a5dd28e2e68b7aef2b6b7ea88e02eff58" prot="public" virt="non-virtual"><scope>ESTADO</scope><name>jogador_atual</name></member>
      <member refid="structESTADO_1a261495728744647e618b4e623f5a4b7a" prot="public" virt="non-virtual"><scope>ESTADO</scope><name>num_jogadas</name></member>
      <member refid="structESTADO_1ab56f0f1be16954d3768b4174d14c087d" prot="public" virt="non-virtual"><scope>ESTADO</scope><name>tab</name></member>
      <member refid="structESTADO_1a4896a5c5c1f40b43fb795623327e3f47" prot="public" virt="non-virtual"><scope>ESTADO</scope><name>ultima_jogada</name></member>
    </listofallmembers>
  </compounddef>
</doxygen>
