<?xml version='1.0' encoding='UTF-8' standalone='no'?>
<doxygen xmlns:xsi="http://www.w3.org/2001/XMLSchema-instance" xsi:noNamespaceSchemaLocation="compound.xsd" version="1.8.17">
  <compounddef id="TargetDirectories_8txt" kind="file" language="C++">
    <compoundname>TargetDirectories.txt</compoundname>
    <briefdescription>
    </briefdescription>
    <detaileddescription>
    </detaileddescription>
    <programlisting>
<codeline lineno="1"><highlight class="normal">/home/andreubita/workspace/li2pl6g08/projeto/cmake-build-debug/CMakeFiles/rebuild_cache.dir</highlight></codeline>
<codeline lineno="2"><highlight class="normal">/home/andreubita/workspace/li2pl6g08/projeto/cmake-build-debug/CMakeFiles/edit_cache.dir</highlight></codeline>
<codeline lineno="3"><highlight class="normal">/home/andreubita/workspace/li2pl6g08/projeto/cmake-build-debug/CMakeFiles/src.dir</highlight></codeline>
    </programlisting>
    <location file="cmake-build-debug/CMakeFiles/TargetDirectories.txt"/>
  </compounddef>
</doxygen>
